insee_code,postal_code,city,populationlatitude,longitude,mayor_first_name,mayor_last_name,mayor_birthdate,first_mandate_date,party
01001,1400,L'Abergement-Clémenciat,780,46.1331001556,4.99858455549,BOULON,Daniel,1951-03-04,2008,SE
01002,1640,L'Abergement-de-Varey,234,46.0337779297,5.42151732468,ORSET,Max,1947-11-02,2008,SE
01004,1500,Ambérieu-en-Bugey,13839,45.9756078125,5.34313562094,FABRE,Daniel,1961-09-07,2014,UDI
01005,1330,Ambérieux-en-Dombes,1600,45.9976909227,5.02164504767,PERNET,Pierre,1961-07-29,2014,SE
01006,1300,Ambléon,112,45.7328309975,5.65715901636,BIONDA,Annie,1951-11-28,Error found,NA
01007,1500,Ambronay,2365,45.9756078125,5.34313562094,LEVRAT,Gisèle,1953-08-08,2014,DVG
01008,1500,Ambutrix,734,45.9756078125,5.34313562094,DELOFFRE,Dominique,1962-10-03,2014,NA
01009,1300,Andert-et-Condon,339,45.7328309975,5.65715901636,DELARUELLE,Yves,1944-01-29,1995,SE
01010,1350,Anglefort,1031,45.8543854094,5.76557245306,THIBOUD,Bernard,1948-07-06,2008,DVD
01011,1100,Apremont,374,46.2468792013,5.65226081977,GIRARD,Jean-Pierre,1951-10-30,1995,NA
01012,1110,Aranc,306,45.9724218119,5.577110369,MATHIEU,Daniel,1948-04-02,2014,NA
01013,1230,Arandas,162,45.9329292993,5.4692328328,MANOS,Lionel,1970-09-07,2014,NA
01014,1100,Arbent,3458,46.2468792013,5.65226081977,MAISSIAT,Liliane,1944-01-01,2001,UMP-LR
01015,1300,Arbignieu,484,45.7328309975,5.65715901636,BERGER,Charles,1951-04-04,2014,SE
01016,1190,Arbigny,405,46.4316836316,4.96424452785,GRAS,Daniel,1948-08-10,2014,SE
01017,1230,Argis,421,45.9329292993,5.4692328328,CHEVE,Marcel,1938-03-05,2001,NA
01019,1510,Armix,20,45.8480243468,5.61949053703,VUILLOUD,Véronique,1964-08-28,2014,NA
01021,1480,Ars-sur-Formans,1374,46.0178170669,4.81482624573,PACCAUD,Richard,1952-11-21,2014,SE
01022,1510,Artemare,1140,45.8480243468,5.61949053703,CHARMONT-MUNET,Mireille,1952-05-17,2001,UMP-LR
01023,1570,Asnières-sur-Saône,73,46.3545794503,4.88868114295,WILLEMS,Jean-Marc,1951-09-30,2005,SE
01024,1340,Attignat,3023,46.3400485451,5.13297724307,MARTIN,Walter,1966-05-07,2014,DVD
01025,1380,Bâgé-la-Ville,3114,46.3161847468,4.97400450524,REPIQUET,Dominique,1949-05-06,2008,DVD
01026,1380,Bâgé-le-Châtel,786,46.3161847468,4.97400450524,THEVENOT,Jean-claude,1946-06-27,2014,SE
01027,1360,Balan,2498,45.8283269463,5.15327415034,BOUVIER,Gérard,1953-07-31,2014,UMP-LR
01028,1990,Baneins,567,46.0766987934,4.89959868147,GRANGE,Jean-Pierre,1964-05-28,2014,SE
01029,1270,Beaupont,650,46.3890219242,5.30343220636,GOULY,Georges,1951-05-25,1995,UMP-LR
01030,1480,Beauregard,867,46.0178170669,4.81482624573,DOMPOINT,Daniel,1951-04-01,2014,SE
01031,1100,Bellignat,3590,46.2468792013,5.65226081977,ARBANT,Jean-Georges,1949-02-11,2014,PS
01032,1360,Béligneux,3040,45.8283269463,5.15327415034,SIGOIRE,Francis,1953-01-12,2005,DVD
01033,1200,Bellegarde-sur-Valserine,11630,46.1338706653,5.81259483702,PETIT,Régis,1956-04-06,2002,DVD
01034,1300,Belley,8761,45.7328309975,5.65715901636,JIMENEZ,Christian,1950-02-28,2014,DVD
01035,1130,Belleydoux,323,46.1948352393,5.7148151411,DURAFFOURG,Madeleine,1951-06-18,2014,SE
01036,1260,Belmont-Luthézieu,527,45.9506630232,5.68746147482,GODET,Pauline,1982-05-12,2014,NA
01037,1470,Bénonces,273,45.805864462,5.47727707691,RIGHETTI,Sylvie,1965-04-14,2014,SE
01038,1370,Bény,714,46.2853749129,5.32614321781,BAVOUX,Patrick,1957-07-25,2014,SE
01039,1350,Béon,401,45.8543854094,5.76557245306,DUPONT,Jean-Marc,1964-01-23,2014,NA
01040,1340,Béréziat,446,46.3400485451,5.13297724307,THEVENON,Jean Jacques,1951-09-15,2014,SE
01041,1500,Bettant,731,45.9756078125,5.34313562094,FEZZOLI,Jean-Félix,1956-02-15,2001,SE
01042,1290,Bey,247,46.2466681,4.88543738301,GENTIL,Michel,1949-10-06,1995,DVG
01043,1700,Beynost,4471,45.8388521429,4.95806179291,NICOD,Michel,1943-05-08,2008,DVD
01044,1200,Billiat,516,46.1338706653,5.81259483702,BEAUQUIS,Jean-Marc,1955-11-29,1995,SE
01045,1330,Birieux,251,45.9976909227,5.02164504767,CHRISTOLHOMME,François,1940-09-27,2014,SE
01046,1290,Biziat,807,46.2466681,4.88543738301,GIRAUD,Christian,1963-03-21,2008,SE
01047,1150,Blyes,907,45.8772713832,5.32595701713,MARTIN,Daniel,1951-02-08,2014,SE
01049,1120,La Boisse,2908,45.8725197955,5.04054729356,DROGUE,François,1949-10-30,2001,DVD
01050,1190,Boissey,292,46.4316836316,4.96424452785,TIRREAU,Andrée,1950-05-09,2008,SE
01051,1450,Bolozon,92,46.1107742949,5.45519733117,BARDET,Guy,1952-03-28,2014,SE
01052,1330,Bouligneux,309,45.9976909227,5.02164504767,COMTET,Laurent,1968-06-02,2014,SE
01053,1000,Bourg-en-Bresse,39882,46.2069478835,5.22442559307,DEBAT,Jean François,1966-01-24,2008,PS
01054,1800,Bourg-Saint-Christophe,1201,45.8984701804,5.16340257624,PERRET,Bernard,1952-06-09,1995,DVD
01056,1640,Boyeux-Saint-Jérôme,339,46.0337779297,5.42151732468,CHAPEL,Marie-Christine,1965-06-12,2001,DVD
01057,1190,Boz,498,46.4316836316,4.96424452785,JOUBERT-LAURENCIN,Monique,1958-09-30,2008,SE
01058,1300,Brégnier-Cordon,862,45.7328309975,5.65715901636,CHAHINE,Raynald,1973-05-26,2014,SE
01059,1260,Brénaz,92,45.9506630232,5.68746147482,MARTINOD,Pascale,1962-08-15,2008,NA
01060,1110,Brénod,543,45.9724218119,5.577110369,CARRIER,Annie,1954-06-28,2008,NA
01061,1300,Brens,1184,45.7328309975,5.65715901636,PAITA,Jean-Marc,1960-04-28,2008,DVD
01062,1360,Bressolles,742,45.8283269463,5.15327415034,BEAUVOIS,Fabrice,1969-02-27,2014,SE
01063,1460,Brion,522,46.1732029522,5.56455683284,CORTINOVIS,André,1941-08-12,2001,SE
01064,1470,Briord,902,45.805864462,5.47727707691,LAMBERT,Jacky,1954-08-10,2001,SE
01065,1310,Buellas,1694,46.2412963633,5.11553315012,CHANEL,Michel,1953-10-30,2008,UMP-LR
01066,1510,La Burbanche,74,45.8480243468,5.61949053703,MARIE,Patrick,1958-06-29,2014,SE
01067,1430,Ceignes,261,46.1000038391,5.54230808548,AUBOEUF,Alain,1961-06-14,2008,SE
01068,1450,Cerdon,741,46.1107742949,5.45519733117,GOY-CHAVENT,Sylvie,1963-05-23,Error found,NA
01069,1240,Certines,1447,46.0916655381,5.14797548998,THOMAS,Eric,1963-07-01,2008,DVG
01071,1170,Cessy,4167,46.3286268081,6.03059799732,BOUVIER,Christophe,1963-05-06,2008,DVD
01072,1250,Ceyzériat,2838,46.2066710432,5.38605889851,FLOCHON,Jean-Yves,1958-08-15,2001,UMP-LR
01073,1350,Ceyzérieu,954,45.8543854094,5.76557245306,REUTER,Bernard,1946-07-18,2001,DVD
01074,1320,Chalamont,2365,46.0113616676,5.19303242296,BENMEDJAHED,Ali,1960-12-13,2008,PRG
01075,1480,Chaleins,1156,46.0178170669,4.81482624573,GROS,Gilbert,1941-06-04,2001,DVD
01076,1230,Chaley,133,45.9329292993,5.4692328328,PERSICO,Jean-Paul,1949-05-18,2008,NA
01077,1450,Challes-la-Montagne,175,46.1107742949,5.45519733117,CUTURIER,Marie-Christine,1956-06-23,2014,SE
01078,1630,Challex,1268,46.2145490709,5.95816552297,CHAPPUIS,Claude,1962-11-27,2014,SE
01079,1260,Champagne-en-Valromey,771,45.9506630232,5.68746147482,JUILLET,Claude,1952-10-13,Error found,NA
01080,1110,Champdor,465,45.9724218119,5.577110369,MARTINAND,Stéphane,1970-02-27,2014,NA
01081,1410,Champfromier,676,46.2796643227,5.91198359476,DE SOUZA,Michel,1958-09-14,1995,UMP-LR
01082,1420,Chanay,627,45.9853522838,5.7838620591,CALDAIROU,Henri,1958-06-30,2008,NA
01083,1990,Chaneins,810,46.0766987934,4.89959868147,FLAMAND,Patrice,1970-05-19,2014,SE
01084,1400,Chanoz-Châtenay,713,46.1331001556,4.99858455549,MORANDAT,Olivier,1969-02-14,2014,SE
01085,1240,La Chapelle-du-Châtelard,357,46.0916655381,5.14797548998,RIMAUD,Cyrille,1960-05-05,2008,SE
01087,1130,Charix,289,46.1948352393,5.7148151411,PALISSON,Didier,1964-07-14,2014,SE
01088,1800,Charnoz-sur-Ain,913,45.8984701804,5.16340257624,GUYADER,Jean-Louis,1949-04-22,2001,UDI
01089,1500,Château-Gaillard,1830,45.9756078125,5.34313562094,BRUNET,Joël,1955-05-02,2008,DVD
01090,1320,Châtenay,352,46.0113616676,5.19303242296,CHAFFARD,Cyrille,1972-07-02,2014,NA
01091,1200,Châtillon-en-Michaille,3134,46.1338706653,5.81259483702,PERREARD,Patrick,1963-06-29,2001,DVD
01092,1320,Châtillon-la-Palud,1583,46.0113616676,5.19303242296,MICHON,André,1947-12-15,2009,NA
01093,1400,Châtillon-sur-Chalaronne,4940,46.1331001556,4.99858455549,CLAYETTE,Yves,1952-08-15,2008,UMP-LR
01094,1190,Chavannes-sur-Reyssouze,697,46.4316836316,4.96424452785,MOREL,Paul,1948-10-16,2008,SE
01095,1250,Chavannes-sur-Suran,638,46.2066710432,5.38605889851,LAURENT,Jean Jacques,1953-01-21,2014,SE
01096,1660,Chaveyriat,943,46.2212048437,5.05767036024,JACQUET,Claude,1956-08-29,1995,DVG
01097,1510,Chavornay,209,45.8480243468,5.61949053703,SERPOL,Robert,1952-09-19,2008,NA
01098,1300,Chazey-Bons,775,45.7328309975,5.65715901636,BONNARD,Didier,1959-09-03,2008,SE
01099,1150,Chazey-sur-Ain,1520,45.8772713832,5.32595701713,DULOT,René,1948-03-02,1995,DVG
01100,1510,Cheignieu-la-Balme,159,45.8480243468,5.61949053703,BUET,Marc,1958-06-13,2014,SE
01101,1430,Chevillard,160,46.1000038391,5.54230808548,ROLANDEZ,Jean-Paul,1951-01-12,2014,NA
01102,1190,Chevroux,938,46.4316836316,4.96424452785,SAVOT,Dominique,1962-07-03,2008,SE
01103,1170,Chevry,1269,46.3286268081,6.03059799732,RAVOT,Jean-François,1947-09-05,1995,DVG
01104,1410,Chézery-Forens,449,46.2796643227,5.91198359476,VUAILLAT,Bernard,1956-08-14,2014,SE
01105,1390,Civrieux,1347,45.9283135136,4.92727608131,BEGUET,Marie Jeanne,1949-04-17,1995,MoDem
01106,1250,Cize,172,46.2066710432,5.38605889851,DESBOIS,Luc,1965-01-31,2014,SE
01107,1230,Cleyzieu,137,45.9329292993,5.4692328328,PEYSSON,Jean,1950-02-19,2008,NA
01108,1270,Coligny,1160,46.3890219242,5.30343220636,RAFFIN,Bruno,1961-07-16,2014,DVD
01109,1550,Collonges,1979,46.1521009626,5.90976446888,DUPARC,André,1946-10-07,2008,DVD
01110,1300,Colomieu,112,45.7328309975,5.65715901636,JULLIARD,Gérard,1953-06-27,2008,SE
01111,1230,Conand,102,45.9329292993,5.4692328328,CHABERT,Gérard,1953-03-05,2014,SE
01112,1430,Condamine,406,46.1000038391,5.54230808548,BRUYAS,Gérard,1951-09-11,2014,NA
01113,1400,Condeissiat,763,46.1331001556,4.99858455549,DUPRE,Alain,1948-12-20,2008,SE
01114,1200,Confort,539,46.1338706653,5.81259483702,JERDELET,Michel,1953-09-16,2008,NA
01115,1310,Confrançon,1200,46.2412963633,5.11553315012,COLAS,Christiane,1953-10-19,2001,PS
01116,1300,Contrevoz,538,45.7328309975,5.65715901636,SAUREL,Alain,1951-07-19,1989,NA
01117,1300,Conzieu,144,45.7328309975,5.65715901636,JANET,Guy,1943-02-10,2014,SE
01118,1420,Corbonod,1190,45.9853522838,5.7838620591,TRAVAIL,Joseph,1945-09-24,2001,NA
01119,None,Corcelles,248,None,None,BALLAND,Alain,1965-01-16,Error found,NA
01121,1110,Corlier,121,45.9724218119,5.577110369,DUPONT,Jean-François,1962-11-29,2008,NA
01122,1110,Cormaranche-en-Bugey,828,45.9724218119,5.577110369,EMIN,Philippe,1962-07-26,2014,UMP-LR
01123,1290,Cormoranche-sur-Saône,1064,46.2466681,4.88543738301,CHAPPELON,Yves Augustin,1955-09-08,2008,UMP-LR
01124,1560,Cormoz,644,46.44295833,5.12304891736,RIONDY,Pierre,1954-06-29,2012,SE
01125,1250,Corveissiat,612,46.2066710432,5.38605889851,MORELET,Brigitte,1957-04-27,2014,SE
01127,1370,Courmangoux,507,46.2853749129,5.32614321781,MORNAY,Mireille,1959-01-09,2008,SE
01128,1560,Courtes,275,46.44295833,5.12304891736,PALLEGOIX,Thierry,1971-02-10,2014,NA
01129,1320,Crans,266,46.0113616676,5.19303242296,CHENOT,Jean-Marie,1952-05-16,2014,NA
01130,1340,Cras-sur-Reyssouze,1307,46.3400485451,5.13297724307,PERRIN,Gérard,1959-02-16,2008,DVG
01133,1350,Cressin-Rochefort,376,45.8543854094,5.76557245306,PETIT,Thierry,1965-02-12,2014,SE
01134,1290,Crottet,1722,46.2466681,4.88543738301,PERRUCHE,Daniel,1947-03-30,2001,DVD
01135,1170,Crozet,1913,46.3286268081,6.03059799732,DONZE,Dominique,1953-06-26,2014,DVD
01136,1290,Cruzilles-lès-Mépillat,828,46.2466681,4.88543738301,LAY,Christian,1954-04-28,1995,SE
01138,1350,Culoz,2924,45.8543854094,5.76557245306,ANDRE-MASSE,Franck,1963-09-22,2014,SE
01139,1560,Curciat-Dongalon,454,46.44295833,5.12304891736,CLAPPAZ,Marie-Laure,1957-05-09,2008,SE
01140,1310,Curtafond,714,46.2412963633,5.11553315012,GALLET,Gérard,1951-03-21,1995,UMP-LR
01141,1300,Cuzieu,410,45.7328309975,5.65715901636,RAMON,Michel,1945-10-13,2014,SE
01142,1120,Dagneux,4183,45.8725197955,5.04054729356,SIMPLEX,Bernard,1953-08-07,2008,DVD
01143,1220,Divonne-les-Bains,8388,46.3657930813,6.1147054957,BLANC,Etienne,1954-08-29,1991,UMP-LR
01144,1380,Dommartin,857,46.3161847468,4.97400450524,NOVE-JOSSERAND,Michel,1956-05-26,2014,SE
01145,1240,Dompierre-sur-Veyle,1210,46.0916655381,5.14797548998,BERARD,Jean,1950-08-19,2001,DVD
01146,1400,Dompierre-sur-Chalaronne,391,46.1331001556,4.99858455549,MUNERET,Didier,1959-07-26,2001,SE
01147,1270,Domsure,469,46.3890219242,5.30343220636,PAUGET,Yvan,1978-07-27,2014,SE
01148,1590,Dortan,1934,46.3238684456,5.65548376535,DUBARE,Marianne,1958-11-10,2008,PS
01149,1500,Douvres,983,45.9756078125,5.34313562094,LIMOUSIN,Christian,1953-03-25,2014,SE
01150,1250,Drom,211,46.2066710432,5.38605889851,GUILLEMOT,Yves,1957-09-22,2014,SE
01151,1160,Druillat,1144,46.0747014809,5.31394582841,EMIN,Jean-Luc,1962-04-14,2014,NA
01152,1130,Echallon,770,46.1948352393,5.7148151411,SAVOYE,Daniel,1953-06-26,2008,SE
01153,1170,Echenevex,1722,46.3286268081,6.03059799732,REBEIX,Pierre,1947-12-14,2014,DVD
01154,1340,Etrez,800,46.3400485451,5.13297724307,GRIGNOLA-BERNARD,Virginie,1970-12-01,2014,SE
01155,1230,Evosges,143,45.9329292993,5.4692328328,GUILLET,Christophe,1949-08-16,2014,NA
01156,1800,Faramans,712,45.8984701804,5.16340257624,BROCHIER,Gérard,1956-10-26,2014,SE
01157,1480,Fareins,2175,46.0178170669,4.81482624573,DUMOULIN,Yves,1955-12-15,2008,DVD
01158,1550,Farges,901,46.1521009626,5.90976446888,GRAZIOTTI,Monique,1961-08-22,2014,SE
01159,1570,Feillens,3108,46.3545794503,4.88868114295,BILLOUDET,Guy,1959-03-07,1995,UMP-LR
01160,1210,Ferney-Voltaire,8452,46.2774426572,6.10074151675,RAPHOZ,Daniel,1955-12-06,2014,UDI
01162,1350,Flaxieu,66,45.8543854094,5.76557245306,BAL,Serge,1956-03-09,2008,SE
01163,1340,Foissiat,1961,46.3400485451,5.13297724307,FROMONT,Jean-Pierre,1946-03-23,2001,DVG
01165,1090,Francheleins,1370,46.0869886552,4.79611073763,LECLERC,Irène,1961-05-30,2007,DVD
01166,1480,Frans,1974,46.0178170669,4.81482624573,THEVENET,Martial,1956-07-11,2008,DVD
01167,1140,Garnerans,660,46.1670266686,4.8459954399,VIOT,Dominique,1961-02-03,2014,SE
01169,1090,Genouilleux,605,46.0869886552,4.79611073763,DESPLACE,Robert,1947-02-11,2010,SE
01170,1460,Beard-Géovreissiat,950,46.1732029522,5.56455683284,COMTET,Laurent,1967-12-02,2014,SE
01171,1100,Géovreisset,912,46.2468792013,5.65226081977,MOREL,Jeannine,1948-06-25,2008,SE
01172,1250,Germagnat,146,46.2066710432,5.38605889851,BINARD,Alain,1948-12-09,2014,SE
01173,1170,Gex,10446,46.3286268081,6.03059799732,DUNAND,Patrice,1968-10-15,2014,DVD
01174,1130,Giron,166,46.1948352393,5.7148151411,TARPIN-LYONNET,Eric,1963-02-01,2014,SE
01175,1190,Gorrevod,802,46.4316836316,4.96424452785,GUILLERMIN,Henri,1940-12-24,1995,UMP-LR
01176,None,Le Grand-Abergement,108,None,None,ROCHE,Jean,1947-04-17,2014,NA
01177,1250,Grand-Corent,167,46.2066710432,5.38605889851,CHARLES,Bernard,1951-06-22,2012,SE
01179,1290,Grièges,1913,46.2466681,4.88543738301,RENOUD,Joëlle,1957-10-05,2014,SE
01180,1220,Grilly,775,46.3657930813,6.1147054957,HEBERT,Judith,1970-03-10,2014,SE
01181,1100,Groissiat,1153,46.2468792013,5.65226081977,MARRON,Jean-Luc,1951-09-21,2014,DVD
01182,None,Groslée,352,None,None,AURELE,Marthe,1943-02-16,Error found,NA
01183,1090,Guéreins,1341,46.0869886552,4.79611073763,MORILLON,Guy,1951-02-01,2001,UDI
01184,1250,Hautecourt-Romanèche,791,46.2066710432,5.38605889851,AZNAR,Vincent,1974-07-22,2014,SE
01185,1110,Hauteville-Lompnes,3971,45.9724218119,5.577110369,ARGENTI,Bernard,1951-06-13,2001,UMP-LR
01186,1110,Hostiaz,83,45.9724218119,5.577110369,BOUCLIER,Henriette,1941-04-17,2009,NA
01187,1260,Hotonnes,299,45.9506630232,5.68746147482,GENESSAY,Jean-Louis,1948-01-31,2014,NA
01188,1140,Illiat,572,46.1670266686,4.8459954399,LITAUDON,Bernard,1948-06-15,2008,SE
01189,1200,Injoux-Génissiat,1102,46.1338706653,5.81259483702,COCHET,Albert,1961-04-25,2010,DVG
01190,1680,Innimond,116,45.752622921,5.55446422211,NODET,Eric,1963-11-06,2008,SE
01191,1430,Izenave,166,46.1000038391,5.54230808548,DRUET,Thiery,1964-07-22,2014,NA
01192,1580,Izernore,2294,46.2402104429,5.54908625912,COLLETAZ,Michel,1947-10-03,2008,DVD
01193,1300,Izieu,201,45.7328309975,5.65715901636,MARTIN-BARBAZ,Denis,1965-03-30,2014,DVD
01194,1480,Jassans-Riottier,6044,46.0178170669,4.81482624573,REVERCHON,Jean-Pierre,1949-05-13,2014,SE
01195,1250,Jasseron,1622,46.2066710432,5.38605889851,MATHIEU,Alain,1959-06-25,2014,DVG
01196,1340,Jayat,1076,46.3400485451,5.13297724307,LONGERON,Robert,1950-03-13,2014,DVD
01197,1250,Journans,332,46.2066710432,5.38605889851,SEYZERIAT,Gérard,1954-03-13,2010,NA
01198,1800,Joyeux,237,45.8984701804,5.16340257624,BROCARD,Marius,1942-12-08,2001,SE
01199,1640,Jujurieux,2124,46.0337779297,5.42151732468,BOLLACHE,Anne,1966-10-17,2014,DVG
01200,1450,Labalme,204,46.1107742949,5.45519733117,MOLLIE,Frédérique,1968-11-23,2014,SE
01202,1150,Lagnieu,6785,45.8772713832,5.32595701713,MOINGEON,André,1948-10-26,2004,UMP-LR
01203,1290,Laiz,1148,46.2466681,4.88543738301,ZANCANARO,Yves,1953-07-05,2001,SE
01204,1130,Lalleyriat,248,46.1948352393,5.7148151411,GOIFFON,Denis,1956-09-02,1995,NA
01205,1200,Lancrans,1046,46.1338706653,5.81259483702,MAYET,Christophe,1971-06-10,2014,DVD
01206,1430,Lantenay,260,46.1000038391,5.54230808548,LEROY,Hervé,1955-03-11,2011,NA
01207,1330,Lapeyrouse,295,45.9976909227,5.02164504767,DUBOST,Gilles,1959-04-11,2008,SE
01208,1350,Lavours,151,45.8543854094,5.76557245306,WAELPUT,Daniel,1952-11-12,2014,SE
01209,1200,Léaz,577,46.1338706653,5.81259483702,GILLARD,Alain,1952-07-06,2014,SE
01210,1410,Lélex,227,46.2796643227,5.91198359476,MOREL,Pierre,1945-10-21,2014,SE
01211,1240,Lent,1357,46.0916655381,5.14797548998,PANABIERES,Marie-Claire,1961-09-17,2014,SE
01212,1560,Lescheroux,690,46.44295833,5.12304891736,NICOLIER,Aimé,1972-05-17,2014,SE
01213,1150,Leyment,1265,45.8772713832,5.32595701713,BOTTEX,Marilyn,1976-07-15,2008,DVD
01214,1450,Leyssard,152,46.1107742949,5.45519733117,MOURLEVAT,Michel,1958-01-18,2008,DVG
01215,1420,Lhôpital,56,45.9853522838,5.7838620591,MALFAIT,Frédéric,1974-11-28,2014,SE
01216,1680,Lhuis,872,45.752622921,5.55446422211,ALBERT,Simon,1947-03-18,2008,SE
01218,1260,Lochieu,93,45.9506630232,5.68746147482,BERTHIER,Gérard,1949-02-24,2008,NA
01219,1680,Lompnas,148,45.752622921,5.55446422211,DURAND,François-Xavier,1962-06-15,2001,NA
01221,1260,Lompnieu,125,45.9506630232,5.68746147482,CHARVET,Marc,1947-09-10,2010,NA
01224,1360,Loyettes,2825,45.8283269463,5.15327415034,GAGNE,Jean-Pierre,1957-09-23,2008,DVD
01225,1090,Lurcy,392,46.0869886552,4.79611073763,BISIGNANO,Nathalie,1964-10-15,2008,SE
01227,1300,Magnieu,434,45.7328309975,5.65715901636,TURELLO,René,1944-10-31,1995,NA
01228,1430,Maillat,670,46.1000038391,5.54230808548,DUCRET,Jean Cyrille,1958-06-07,1995,SE
01229,1340,Malafretaz,1018,46.3400485451,5.13297724307,VIVIET,Alain,1950-05-19,2008,DVD
01230,1560,Mantenay-Montlin,295,46.44295833,5.12304891736,LEMAIRE,Michel,1950-07-26,2014,SE
01231,1570,Manziat,1932,46.3545794503,4.88868114295,LARDET,Denis,1967-09-05,2014,UMP-LR
01232,1851,Marboz,2185,46.3443305857,5.24375404397,GESTAS,Alain,1954-11-06,2008,DVG
01233,1680,Marchamp,124,45.752622921,5.55446422211,MARCELLI,Jean,1943-07-01,1995,SE
01234,1300,Marignieu,148,45.7328309975,5.65715901636,PUTHOD,Bernard,1958-02-12,2001,NA
01235,1240,Marlieux,931,46.0916655381,5.14797548998,GRANDJEAN,Jean-Paul,1943-07-03,2014,SE
01236,1340,Marsonnas,1020,46.3400485451,5.13297724307,ANTOINET,Guy,1953-08-23,2014,DVD
01237,1100,Martignat,1595,46.2468792013,5.65226081977,LOCATELLI,Yves,1948-12-05,2014,SE
01238,1600,Massieux,2416,45.9478092043,4.80583207499,GRISON,Bernard,1950-05-21,2008,DVD
01239,1300,Massignieu-de-Rives,625,45.7328309975,5.65715901636,QUINARD,Julien,1980-10-24,Error found,NA
01240,1580,Matafelon-Granges,652,46.2402104429,5.54908625912,DUPARCHY,Jean-Pierre,1954-04-21,2008,SE
01241,1370,Meillonnas,1282,46.2853749129,5.32614321781,NEVEU,Jean-Paul,1947-07-01,2010,NA
01242,1450,Mérignat,134,46.1107742949,5.45519733117,LE CORRE,Marie-Odile,1954-02-10,2014,SE
01243,1480,Messimy-sur-Saône,1207,46.0178170669,4.81482624573,BADOIL,Yvette,1950-10-29,2014,SE
01244,1800,Meximieux,7253,45.8984701804,5.16340257624,BUSSY,Christian,1949-07-20,1995,UMP-LR
01245,1250,Bohas-Meyriat-Rignat,832,46.2066710432,5.38605889851,LUEZ,Jean-Luc,1951-12-12,1995,DVG
01246,1660,Mézériat,2090,46.2212048437,5.05767036024,ROBIN,Etienne,1953-05-03,2008,UMP-LR
01247,1410,Mijoux,377,46.2796643227,5.91198359476,LAPEYRERE,Jean-Yves,1962-08-07,2008,SE
01248,1390,Mionnay,2072,45.9283135136,4.92727608131,CORMORECHE,Henri,1954-12-09,2008,DVD
01249,1700,Miribel,9031,45.8388521429,4.95806179291,VIRICEL,Sylvie,1960-08-13,2014,DVG
01250,1600,Misérieux,1779,45.9478092043,4.80583207499,SERRAT,Etienne,1946-04-05,2008,DVD
01252,1140,Mogneneins,737,46.1670266686,4.8459954399,CHAMPION,Jean-Pierre,1948-09-15,2008,SE
01254,1250,Montagnat,1693,46.2066710432,5.38605889851,CHICHOUX,Yvan,1954-10-08,2001,NA
01255,1470,Montagnieu,514,45.805864462,5.47727707691,ARRIGONI,Amandine,1981-10-17,2009,SE
01257,1200,Montanges,327,46.1338706653,5.81259483702,PATUEL,Daniel,1942-02-23,2008,SE
01258,1090,Montceaux,1214,46.0869886552,4.79611073763,DESCHIZEAUX,Jean-Claude,1948-03-16,1989,NA
01259,1310,Montcet,668,46.2412963633,5.11553315012,BOUILLOUX,Yves,1956-05-11,1995,SE
01260,1800,Le Montellier,243,45.8984701804,5.16340257624,MARTIN,Patrice,1971-05-13,2014,SE
01261,1390,Monthieux,623,45.9283135136,4.92727608131,BACONNIER,Gisèle,1952-02-12,1995,DVD
01262,1120,Montluel,7112,45.8725197955,5.04054729356,DAUBIE,Romain,1980-05-05,2014,UMP-LR
01263,1090,Montmerle-sur-Saône,3818,46.0869886552,4.79611073763,LAMURE,Raphaël,1971-02-23,2014,DVD
01264,1310,Montracol,970,46.2412963633,5.11553315012,DRUGUET,Thierry,1959-08-02,2014,SE
01265,1460,Montréal-la-Cluse,3422,46.1732029522,5.56455683284,DEGUERRY,Jean,1963-11-22,2014,DVD
01266,1340,Montrevel-en-Bresse,2390,46.3400485451,5.13297724307,ROCHE,Jean-Pierre,1953-03-08,1995,DVG
01267,1460,Nurieux-Volognat,1044,46.1732029522,5.56455683284,BERGER,Arlette,1948-08-18,2014,DVG
01268,1300,Murs-et-Gélignieux,245,45.7328309975,5.65715901636,CONAND,Jean-Paul,1964-06-26,Error found,NA
01269,1130,Nantua,3651,46.1948352393,5.7148151411,CARMINATI,Jean-Pierre,1957-01-24,2008,DVD
01271,None,Nattages,574,None,None,COMET,Claude,1954-11-16,Error found,NA
01272,1400,Neuville-les-Dames,1497,46.1331001556,4.99858455549,CHEVREL,Florent,1971-02-25,2014,SE
01273,1160,Neuville-sur-Ain,1592,46.0747014809,5.31394582841,DUPUIS,Thierry,1959-01-19,2001,DVG
01274,1130,Les Neyrolles,632,46.1948352393,5.7148151411,JUILLARD,Lucien,1949-07-24,2008,SE
01275,1700,Neyron,2489,45.8388521429,4.95806179291,GADIOLET,André,1943-07-12,2003,SE
01276,1120,Niévroz,1495,45.8725197955,5.04054729356,BATTISTA,Patrick,1959-12-28,2001,UMP-LR
01277,1230,Nivollet-Montgriffon,135,45.9329292993,5.4692328328,LHERBE,Jean-Claude,1953-11-30,1983,NA
01279,1230,Oncieu,93,45.9329292993,5.4692328328,PERNOD,Ghislaine,1956-05-08,2014,NA
01280,1510,Ordonnaz,147,45.8480243468,5.61949053703,REYMOND-BABOLAT,Evelyne,1947-06-08,1990,SE
01281,1210,Ornex,3779,46.2774426572,6.10074151675,OBEZ,Jean-François,1946-03-07,2014,DVD
01282,1430,Outriaz,252,46.1000038391,5.54230808548,MOREL,Claude,1947-07-18,1995,NA
01283,1100,Oyonnax,22459,46.2468792013,5.65226081977,PERRAUD,Michel,1953-04-15,2008,UDI
01284,1190,Ozan,625,46.4316836316,4.96424452785,FEYEUX,René,1945-05-18,2008,SE
01285,1600,Parcieux,1109,45.9478092043,4.80583207499,LAUTIER,Vincent,1964-04-17,2014,SE
01286,1300,Parves,363,45.7328309975,5.65715901636,BIJOT,Jean-François,1955-04-22,Error found,NA
01288,1630,Péron,2254,46.2145490709,5.95816552297,ARMAND,Christian,1956-06-25,1995,DVG
01289,1960,Péronnas,6053,46.1542253866,5.17526170568,CHANEL,Christian,1949-11-18,2001,DVD
01290,1800,Pérouges,1203,45.8984701804,5.16340257624,VERNAY,Paul,1955-10-06,2008,NA
01291,1540,Perrex,810,46.2212986861,4.98198011208,DAUJAT,Bernard,1952-05-17,2008,SE
01292,None,Le Petit-Abergement,137,None,None,GIRAUD GUIGUES,Bernard,1966-03-05,Error found,NA
01293,1430,Peyriat,172,46.1000038391,5.54230808548,BENOIT,Pierre-Marie,1962-11-20,1989,DVD
01294,1300,Peyrieu,834,45.7328309975,5.65715901636,GIREL,Jean,1953-10-06,Error found,NA
01295,1140,Peyzieux-sur-Saône,517,46.1670266686,4.8459954399,THIVOLLE,Monique,1955-09-15,2014,SE
01296,1270,Pirajoux,375,46.3890219242,5.30343220636,PIROUX,Noël,1954-02-14,1995,SE
01297,1120,Pizay,780,45.8725197955,5.04054729356,GRIMAND,Marc,1955-04-30,2014,SE
01298,1130,Plagne,139,46.1948352393,5.7148151411,MICHEL,Gustave,1945-05-14,2001,SE
01299,1330,Le Plantay,536,45.9976909227,5.02164504767,OTHEGUY,Danielle,1945-08-22,2014,NA
01300,None,Le Poizat,430,None,None,HUYVAERT,Yvon,1945-09-26,2014,SE
01301,1310,Polliat,2388,46.2412963633,5.11553315012,BERNARD,Christian,1962-06-20,2008,DVD
01302,1350,Pollieu,155,45.8543854094,5.76557245306,JACQUIER,Laurent,1975-09-15,Error found,NA
01303,1450,Poncin,1665,46.1107742949,5.45519733117,GIROUX,Jean-Michel,1948-04-06,2008,DVD
01304,1160,Pont-d'Ain,2636,46.0747014809,5.31394582841,GUICHARD,Gérard,1950-03-11,2014,SE
01305,1190,Pont-de-Vaux,2219,46.4316836316,4.96424452785,COILLARD,Philippe,1951-02-03,2014,UMP-LR
01306,1290,Pont-de-Veyle,1597,46.2466681,4.88543738301,MOUTOT,Jean Paul,1942-05-29,1995,DVD
01307,1460,Port,867,46.1732029522,5.56455683284,DUTRAIT,Gérard,1944-10-16,2014,NA
01308,1550,Pougny,808,46.1521009626,5.90976446888,DURIEZ,Jean-Louis,1953-01-09,2013,SE
01309,1250,Pouillat,90,46.2066710432,5.38605889851,CHAPUIS,Guy,1955-02-18,2008,SE
01310,1300,Prémeyzel,224,45.7328309975,5.65715901636,ROPELE,Jean-Pierre,1950-12-16,Error found,NA
01311,1110,Prémillieu,39,45.9724218119,5.577110369,DELEAZ,Marie-Claude,1948-02-24,2008,NA
01312,None,Pressiat,230,None,None,REVEL,Jean-Louis,1954-07-24,Error found,NA
01313,1280,Prévessin-Moëns,6806,46.2579919706,6.07173985899,CHARILLON,Aurélie,1976-11-29,2014,UMP-LR
01314,1160,Priay,1521,46.0747014809,5.31394582841,THEVEAUX,Gérard,1948-05-28,2014,SE
01316,1510,Pugieu,175,45.8480243468,5.61949053703,PHILIPPE,Alain,1948-12-11,Error found,NA
01317,1250,Ramasse,254,46.2066710432,5.38605889851,PORRIN,Michel,1949-10-06,2014,SE
01318,1390,Rancé,649,45.9283135136,4.92727608131,COULON,Brigitte,1960-09-24,2001,UMP-LR
01319,1990,Relevant,473,46.0766987934,4.89959868147,CURNILLON,Christiane,1950-06-05,2014,SE
01320,1750,Replonges,3601,46.2973437135,4.87546330177,VERNOUX,Bertrand,1966-12-19,2014,UMP-LR
01321,1250,Revonnas,830,46.2066710432,5.38605889851,ZITTEL,Caroline,1966-04-29,2008,NA
01322,1600,Reyrieux,4202,45.9478092043,4.80583207499,DUTRUC,Jacky,1959-04-19,2014,DVG
01323,1190,Reyssouze,954,46.4316836316,4.96424452785,SYLVESTRE-BARON,Alain,1950-09-26,2014,NA
01325,1800,Rignieux-le-Franc,953,45.8984701804,5.16340257624,CASTELLANI,Jean-Marie,1955-01-30,2004,SE
01328,1400,Romans,590,46.1331001556,4.99858455549,GAUTHIER,Jean Michel,1953-04-16,2014,SE
01329,1510,Rossillon,150,45.8480243468,5.61949053703,BOUVIER,Georges,1954-04-22,2001,NA
01330,1260,Ruffieu,202,45.9506630232,5.68746147482,PILLARD,Eric,1962-06-07,2014,NA
01331,1450,Saint-Alban,164,46.1107742949,5.45519733117,DE VECCHI,Béatrice,1968-04-03,2008,DVG
01332,1380,Saint-André-de-Bâgé,669,46.3161847468,4.97400450524,CLERE,Daniel,1948-04-10,2008,DVG
01333,1390,Saint-André-de-Corcy,2975,45.9283135136,4.92727608131,BARON,Jean-Pierre,1947-05-12,2008,DVD
01334,1290,Saint-André-d'Huiriat,541,46.2466681,4.88543738301,DUBOST,Michel,1952-11-16,1995,SE
01335,1240,Saint-André-le-Bouchoux,327,46.0916655381,5.14797548998,JAYR,Alain,1948-04-02,1995,SE
01336,1960,Saint-André-sur-Vieux-Jonc,1091,46.1542253866,5.17526170568,QUIVET,Bernard,1952-01-17,2001,DVG
01337,1190,Saint-Bénigne,1185,46.4316836316,4.96424452785,WILLIG,Jean-Jacques,1953-03-04,2014,DVG
01338,1300,Saint-Benoît,792,45.7328309975,5.65715901636,PLANTIN,Guy,1949-04-07,1995,SE
01339,1600,Saint-Bernard,1386,45.9478092043,4.80583207499,REY,Bernard,1958-08-22,2014,DVD
01340,None,Saint-Bois,127,None,None,VUILLEROD,René,1958-10-24,1995,DVG
01341,1300,Saint-Champ,144,45.7328309975,5.65715901636,GAMBERINI,Paul,1942-01-02,Error found,NA
01342,1120,Sainte-Croix,530,45.8725197955,5.04054729356,LEVRAT,Michel,1962-09-23,2014,SE
01343,1380,Saint-Cyr-sur-Menthon,1674,46.3161847468,4.97400450524,CHALTON,Alain,1949-09-06,2014,DVD
01344,1000,Saint-Denis-lès-Bourg,5492,46.2069478835,5.22442559307,FAUVET,Guillaume,1972-03-14,2014,DVG
01345,1500,Saint-Denis-en-Bugey,2154,45.9756078125,5.34313562094,COLLIGNON,Pascal,1957-07-22,2014,DVD
01346,1340,Saint-Didier-d'Aussiat,876,46.3400485451,5.13297724307,PICARD,Catherine,1952-09-21,2014,SE
01347,1600,Saint-Didier-de-Formans,1775,45.9478092043,4.80583207499,VALLOS,Frédéric,1963-02-27,2014,SE
01348,1140,Saint-Didier-sur-Chalaronne,2768,46.1670266686,4.8459954399,LUGA GIRAUD,Muriel,1960-09-17,2007,UDI
01349,1800,Saint-Eloi,419,45.8984701804,5.16340257624,SELIGNAN,Jacqueline,1951-04-10,1995,SE
01350,1370,Saint-Etienne-du-Bois,2465,46.2853749129,5.32614321781,CHAPUIS,Alain,1970-11-25,2014,DVD
01351,1140,Saint-Etienne-sur-Chalaronne,1479,46.1670266686,4.8459954399,VARVIER,Serge,1952-02-17,2008,DVD
01352,1190,Saint-Etienne-sur-Reyssouze,540,46.4316836316,4.96424452785,MARGUIN,Jean-Pierre,1955-11-20,2014,SE
01353,1600,Sainte-Euphémie,1531,45.9478092043,4.80583207499,SANLAVILLE,Anny,1963-04-30,2008,DVD
01354,1630,Saint-Genis-Pouilly,9186,46.2145490709,5.95816552297,BERTRAND,Hubert,1946-12-05,1989,DVG
01355,1380,Saint-Genis-sur-Menthon,428,46.3161847468,4.97400450524,GREFFET,Christophe,1967-07-07,1995,PS
01356,1400,Saint-Georges-sur-Renon,203,46.1331001556,4.99858455549,PAPILLON,Jacques,1946-03-29,2014,SE
01357,1130,Saint-Germain-de-Joux,477,46.1948352393,5.7148151411,THOMASSET,Gilles,1957-06-14,2008,SE
01358,1300,Saint-Germain-les-Paroisses,397,45.7328309975,5.65715901636,CASTIN,Régis,1972-11-25,Error found,NA
01359,1240,Saint-Germain-sur-Renon,233,46.0916655381,5.14797548998,MONIER,Christophe,1964-06-08,2008,SE
01360,1630,Saint-Jean-de-Gonville,1498,46.2145490709,5.95816552297,BRULHART,Michel,1955-11-10,2001,UMP-LR
01361,1800,Saint-Jean-de-Niost,1429,45.8984701804,5.16340257624,HERMAN,Jean-Pierre,1946-12-30,1995,UMP-LR
01362,1390,Saint-Jean-de-Thurigneux,757,45.9283135136,4.92727608131,BAISE,Christian,1951-10-26,1995,SE
01363,1640,Saint-Jean-le-Vieux,1606,46.0337779297,5.42151732468,BATAILLY,Christian,1955-09-06,2014,UDI
01364,1560,Saint-Jean-sur-Reyssouze,738,46.44295833,5.12304891736,SALLET,Jacques,1958-07-16,2014,DVG
01365,1290,Saint-Jean-sur-Veyle,1087,46.2466681,4.88543738301,RENOUD-LYAT DUPERRAY,Agnès,1965-05-24,Error found,NA
01366,1150,Sainte-Julie,912,45.8772713832,5.32595701713,ROBIN,Jean-Luc,1956-12-01,2008,SE
01367,1560,Saint-Julien-sur-Reyssouze,709,46.44295833,5.12304891736,RIGOLLET,Christophe,1968-07-18,2014,SE
01368,1540,Saint-Julien-sur-Veyle,727,46.2212986861,4.98198011208,REVOL,Serge,1954-05-26,2008,SE
01369,1250,Saint-Just,883,46.2066710432,5.38605889851,PICHET,Jean,1944-07-08,2008,DVD
01370,1750,Saint-Laurent-sur-Saône,1760,46.2973437135,4.87546330177,PAGNEUX,Jean-Pierre,1946-09-05,1995,DVD
01371,1390,Saint-Marcel,1205,45.9283135136,4.92727608131,PETRONE,Dominique,1954-04-25,2007,SE
01372,1510,Saint-Martin-de-Bavel,436,45.8480243468,5.61949053703,VINCENT,Xavier,1968-07-08,2008,NA
01373,1430,Saint-Martin-du-Frêne,1093,46.1000038391,5.54230808548,TURC,Dominique,1958-07-13,2008,DVD
01374,1160,Saint-Martin-du-Mont,1681,46.0747014809,5.31394582841,PAUCOD,Laurent,1949-12-11,2001,NA
01375,1310,Saint-Martin-le-Châtel,792,46.2412963633,5.11553315012,JACQUET,Jean-Luc,1960-10-08,2014,SE
01376,1700,Saint-Maurice-de-Beynost,3864,45.8388521429,4.95806179291,GOUBET,Pierre,1956-12-26,2001,DVG
01378,1800,Saint-Maurice-de-Gourdans,2475,45.8984701804,5.16340257624,VENET,Fabrice,1951-03-05,2001,DVG
01379,1500,Saint-Maurice-de-Rémens,714,45.9756078125,5.34313562094,GAILLARD,Eric,1974-03-26,2014,SE
01380,1560,Saint-Nizier-le-Bouchoux,694,46.44295833,5.12304891736,GUYON,Valérie,1960-04-17,2001,UMP-LR
01381,1320,Saint-Nizier-le-Désert,884,46.0113616676,5.19303242296,BERNILLON,Françoise,1940-12-19,2008,NA
01382,1330,Sainte-Olive,299,45.9976909227,5.02164504767,PAUCHARD,Thierry,1962-02-21,2014,NA
01383,1240,Saint-Paul-de-Varax,1526,46.0916655381,5.14797548998,BERNIGAUD,Roland,1951-04-17,2014,UDI
01384,1230,Saint-Rambert-en-Bugey,2191,45.9329292993,5.4692328328,BOUCHON,Gilbert,1951-02-25,2001,DVG
01385,1310,Saint-Rémy,942,46.2412963633,5.11553315012,DUSONCHET,Martine,1952-02-11,2014,SE
01386,1150,Saint-Sorlin-en-Bugey,1055,45.8772713832,5.32595701713,MILLET,Patrick,1959-07-31,2008,DVD
01387,1340,Saint-Sulpice,155,46.3400485451,5.13297724307,FOURNIER,Clotilde,1966-09-01,2013,SE
01388,1560,Saint-Trivier-de-Courtes,1047,46.44295833,5.12304891736,BRUNET,Michel,1946-07-26,2010,UMP-LR
01389,1990,Saint-Trivier-sur-Moignans,1847,46.0766987934,4.89959868147,LANIER,Marcel,1952-04-11,2014,SE
01390,1150,Saint-Vulbas,954,45.8772713832,5.32595701713,JACQUIN,Marcel,1949-03-16,1995,SE
01391,1270,Salavre,287,46.3890219242,5.30343220636,POUPON,Gérard,1947-05-16,2008,SE
01392,1580,Samognat,704,46.2402104429,5.54908625912,ESCODA,Annie,1956-11-11,2001,SE
01393,1400,Sandrans,521,46.1331001556,4.99858455549,OLLAGNIER,Bernard,1947-09-29,2010,SE
01396,1150,Sault-Brénaz,1040,45.8772713832,5.32595701713,MONTEGRE,Martial,1958-12-27,2001,DVD
01397,1220,Sauverny,1083,46.3657930813,6.1147054957,HENNIQUAU,Isabelle,1971-04-13,2014,SE
01398,1480,Savigneux,1213,46.0178170669,4.81482624573,VIGNARD,Daniel,1949-06-25,2008,DVD
01399,1170,Ségny,1706,46.3286268081,6.03059799732,FOUILLOUX,Jean-Pierre,1949-08-13,2014,DVD
01400,1470,Seillonnaz,139,45.805864462,5.47727707691,BOREL,Frédérique,1958-08-30,2008,SE
01401,1630,Sergy,2005,46.2145490709,5.95816552297,LINGLIN,Denis,1943-11-14,1989,NA
01402,1190,Sermoyer,674,46.4316836316,4.96424452785,BOURCET,Michèle,1950-04-05,2014,SE
01403,1470,Serrières-de-Briord,1231,45.805864462,5.47727707691,BEGUET,Daniel,1954-12-12,2001,DVG
01404,1450,Serrières-sur-Ain,122,46.1107742949,5.45519733117,BARDET,Christian,1954-07-20,2008,SE
01405,1960,Servas,1186,46.1542253866,5.17526170568,GAVILLON,Gérard,1948-02-18,2008,DVD
01406,1560,Servignat,163,46.44295833,5.12304891736,VIALLON,Laurent,1969-02-18,2014,SE
01407,1420,Seyssel,933,45.9853522838,5.7838620591,GRANCHAMP,Jean-Paul,1950-08-12,1995,NA
01408,1250,Simandre-sur-Suran,664,46.2066710432,5.38605889851,PERDRIX,Jean Michel,1965-04-30,2008,SE
01409,None,Songieu,130,None,None,ANCIAN,Bernard,1958-04-16,Error found,NA
01410,1580,Sonthonnax-la-Montagne,315,46.2402104429,5.54908625912,GARBE,Dominique,1965-12-02,2014,SE
01411,1150,Souclin,263,45.8772713832,5.32595701713,BERTHOLET,Albert,1944-10-01,1995,SE
01412,1400,Sulignat,562,46.1331001556,4.99858455549,JARNET,Bernard,1953-06-05,2008,SE
01413,1420,Surjoux,77,45.9853522838,5.7838620591,ROLLET,Jean-Michel,1960-10-21,2014,SE
01414,1260,Sutrieu,241,45.9506630232,5.68746147482,PERRON,Gérard,1943-10-07,2008,NA
01415,1510,Talissieu,423,45.8480243468,5.61949053703,FERNANDEZ GONZALEZ,José,1951-12-30,2014,NA
01416,1230,Tenay,1103,45.9329292993,5.4692328328,PERROT,Marc,1950-06-14,1989,DVG
01417,1110,Thézillieu,321,45.9724218119,5.577110369,STEYAERT,Frank,1961-11-18,2008,UMP-LR
01418,1120,Thil,1050,45.8725197955,5.04054729356,LOUSTALET,Bruno,1953-08-30,2008,SE
01419,1710,Thoiry,5461,46.243919719,5.96461682999,BENIER,Muriel,1971-03-14,2014,DVD
01420,1140,Thoissey,1558,46.1670266686,4.8459954399,VOISIN,Maurice,1948-06-18,2008,DVD
01421,1230,Torcieu,694,45.9329292993,5.4692328328,GIRAUDET,Françoise,1951-01-24,2006,NA
01422,1250,Tossiat,1389,46.2066710432,5.38605889851,FENET,Roger,1944-06-17,2014,DVG
01423,1600,Toussieux,783,45.9478092043,4.80583207499,AUBERT,Jean-Claude,1947-10-25,2008,SE
01424,1390,Tramoyes,1657,45.9283135136,4.92727608131,MERCANTI,Henri,1942-08-29,2001,UMP-LR
01425,1160,La Tranclière,302,46.0747014809,5.31394582841,ROUSSET,Daniel,1952-06-18,2001,UMP-LR
01426,1370,Treffort-Cuisiat,2254,46.2853749129,5.32614321781,WIEL,Monique,1960-05-22,2014,DVG
01427,1600,Trévoux,6687,45.9478092043,4.80583207499,PECHOUX,Marc,1957-07-31,2014,DVD
01428,1140,Valeins,90,46.1670266686,4.8459954399,BARDON,Frédéric,1975-02-20,2014,SE
01429,1660,Vandeins,636,46.2212048437,5.05767036024,MARVIE,Jean-Paul,1947-01-02,2014,SE
01430,1160,Varambon,519,46.0747014809,5.31394582841,DULAURIER,Pierre,1948-10-07,2014,DVG
01431,1150,Vaux-en-Bugey,1184,45.8772713832,5.32595701713,VEYSSET,Françoise,1960-01-30,2014,NA
01432,1270,Verjon,253,46.3890219242,5.30343220636,JAMME,Philippe,1964-04-19,2014,SE
01433,1560,Vernoux,299,46.44295833,5.12304891736,RAVASSARD,Philippe,1962-12-07,2014,SE
01434,1330,Versailleux,332,45.9976909227,5.02164504767,BRANCHY,Gérard,1950-04-29,2003,DVG
01435,1210,Versonnex,2130,46.2774426572,6.10074151675,DUBOUT,Jacques,1960-12-05,2014,DVD
01436,1170,Vesancy,529,46.3286268081,6.03059799732,HOTELLIER,Pierre,1943-02-13,2014,SE
01437,1560,Vescours,210,46.44295833,5.12304891736,THENOZ,Chantal,1955-07-09,2014,SE
01439,1570,Vésines,95,46.3545794503,4.88868114295,JULLIN,Pascal,1962-03-10,Error found,NA
01441,1430,Vieu-d'Izenave,688,46.1000038391,5.54230808548,DELAGNEAU,Dominique,1952-07-09,2008,NA
01442,1260,Vieu,380,45.9506630232,5.68746147482,BOLON,André,1946-12-12,1995,DVD
01443,1330,Villars-les-Dombes,4411,45.9976909227,5.02164504767,LARRIEU,Pierre,1960-12-10,2014,DVD
01444,1150,Villebois,1160,45.8772713832,5.32595701713,LONGATTE,Marc,1952-04-10,2008,DVD
01445,1270,Villemotier,634,46.3890219242,5.30343220636,GUILLET,Pierre,1956-01-22,2014,SE
01446,1480,Villeneuve,1396,46.0178170669,4.81482624573,MOUSSY,Raymond,1942-07-09,1995,UMP-LR
01447,1250,Villereversure,1211,46.2066710432,5.38605889851,BALLAND,Gérard,1946-05-05,2008,UMP-LR
01448,1200,Villes,374,46.1338706653,5.81259483702,SUSINI,Guy,1951-11-23,2014,SE
01449,1320,Villette-sur-Ain,678,46.0113616676,5.19303242296,HUMBERT,Jean-Pierre,1950-12-14,1995,DVG
01450,1800,Villieu-Loyes-Mollon,3174,45.8984701804,5.16340257624,BEAUFORT,Eric,1964-08-03,2008,DVD
01451,1440,Viriat,6083,46.2508236356,5.22311457024,PERRET,Bernard,1962-04-22,2001,DVD
01452,1510,Virieu-le-Grand,1174,45.8480243468,5.61949053703,GERIN,Georges,1947-09-11,2014,DVD
01453,1260,Virieu-le-Petit,307,45.9506630232,5.68746147482,BERTOLINO,Alain,1950-07-17,2008,NA
01454,1300,Virignin,882,45.7328309975,5.65715901636,BLANC,Jean Paul,1951-07-27,2014,NA
01456,1350,Vongnes,76,45.8543854094,5.76557245306,GUILLON,Pascale,1961-11-10,1995,DVG
01457,1540,Vonnas,2844,46.2212986861,4.98198011208,CHAIZE,Patrick,1963-03-22,2008,UMP-LR
02001,2300,Abbécourt,536,49.5817295222,3.19169688143,PARIS,René,1946-08-07,2001,DVD
