insee_code,postal_code,city,latitude,longitude,mayor_first_name,mayor_last_name,mayor_birthdate,first_mandate_date,party
01001,1400,L'Abergement-Clémenciat,46.1331001556,4.99858455549,BOULON,Daniel,1951-03-04,2008,SE
01002,1640,L'Abergement-de-Varey,46.0337779297,5.42151732468,ORSET,Max,1947-11-02,2008,SE
01004,1500,Ambérieu-en-Bugey,45.9756078125,5.34313562094,FABRE,Daniel,1961-09-07,2014,UDI[42]
01005,1330,Ambérieux-en-Dombes,45.9976909227,5.02164504767,PERNET,Pierre,1961-07-29,2014,SE
01006,1300,Ambléon,45.7328309975,5.65715901636,BIONDA,Annie,1951-11-28,2011,SE
01007,1500,Ambronay,45.9756078125,5.34313562094,LEVRAT,Gisèle,1953-08-08,2014,DVG
01008,1500,Ambutrix,45.9756078125,5.34313562094,DELOFFRE,Dominique,1962-10-03,2014, 
01009,1300,Andert-et-Condon,45.7328309975,5.65715901636,DELARUELLE,Yves,1944-01-29,1995,SE
01010,1350,Anglefort,45.8543854094,5.76557245306,THIBOUD,Bernard,1948-07-06,2008,DVD
01011,1100,Apremont,46.2468792013,5.65226081977,GIRARD,Jean-Pierre,1951-10-30,1995, 
01012,1110,Aranc,45.9724218119,5.577110369,MATHIEU,Daniel,1948-04-02,2014, 
01013,1230,Arandas,45.9329292993,5.4692328328,MANOS,Lionel,1970-09-07,2014, 
01014,1100,Arbent,46.2468792013,5.65226081977,MAISSIAT,Liliane,1944-01-01,2001,UMP-LR
01015,1300,Arbignieu,45.7328309975,5.65715901636,BERGER,Charles,1951-04-04,2014,SE
01016,1190,Arbigny,46.4316836316,4.96424452785,GRAS,Daniel,1948-08-10,2014,SE
01017,1230,Argis,45.9329292993,5.4692328328,CHEVE,Marcel,1938-03-05,2001, 
01019,1510,Armix,45.8480243468,5.61949053703,VUILLOUD,Véronique,1964-08-28,2014, 
01021,1480,Ars-sur-Formans,46.0178170669,4.81482624573,PACCAUD,Richard,1952-11-21,2014,SE
01022,1510,Artemare,45.8480243468,5.61949053703,CHARMONT-MUNET,Mireille,1952-05-17,2001,UMP-LR
01023,1570,Asnières-sur-Saône,46.3545794503,4.88868114295,WILLEMS,Jean-Marc,1951-09-30,2005,SE
01024,1340,Attignat,46.3400485451,5.13297724307,MARTIN,Walter,1966-05-07,2014,DVD
01025,1380,Bâgé-la-Ville,46.3161847468,4.97400450524,REPIQUET,Dominique,1949-05-06,2008,DVD
01026,1380,Bâgé-le-Châtel,46.3161847468,4.97400450524,THEVENOT,Jean-claude,1946-06-27,2014,SE
01027,1360,Balan,45.8283269463,5.15327415034,BOUVIER,Gérard,1953-07-31,2014,LR[42]
01028,1990,Baneins,46.0766987934,4.89959868147,GRANGE,Jean-Pierre,1964-05-28,2014,SE
01029,1270,Beaupont,46.3890219242,5.30343220636,GOULY,Georges,1951-05-25,1995,UMP-LR
01030,1480,Beauregard,46.0178170669,4.81482624573,DOMPOINT,Daniel,1951-04-01,2014,SE
01031,1100,Bellignat,46.2468792013,5.65226081977,ARBANT,Jean-Georges,1949-02-11,2014,PS
01032,1360,Béligneux,45.8283269463,5.15327415034,SIGOIRE,Francis,1953-01-12,2005,DVD
01033,1200,Bellegarde-sur-Valserine,46.1338706653,5.81259483702,PETIT,Régis,1956-04-06,2002,SE - DVD
01034,1300,Belley,45.7328309975,5.65715901636,JIMENEZ,Christian,1950-02-28,2014,DVD
01035,1130,Belleydoux,46.1948352393,5.7148151411,DURAFFOURG,Madeleine,1951-06-18,2014,SE
01036,1260,Belmont-Luthézieu,45.9506630232,5.68746147482,GODET,Pauline,1982-05-12,2014, 
01037,1470,Bénonces,45.805864462,5.47727707691,RIGHETTI,Sylvie,1965-04-14,2014,SE
01038,1370,Bény,46.2853749129,5.32614321781,BAVOUX,Patrick,1957-07-25,2014,SE
01039,1350,Béon,45.8543854094,5.76557245306,DUPONT,Jean-Marc,1964-01-23,2014, 
01040,1340,Béréziat,46.3400485451,5.13297724307,THEVENON,Jean Jacques,1951-09-15,2014,SE
01041,1500,Bettant,45.9756078125,5.34313562094,FEZZOLI,Jean-Félix,1956-02-15,2001,SE
01042,1290,Bey,46.2466681,4.88543738301,GENTIL,Michel,1949-10-06,1995,DVG
01043,1700,Beynost,45.8388521429,4.95806179291,NICOD,Michel,1943-05-08,2008,DVD
01044,1200,Billiat,46.1338706653,5.81259483702,BEAUQUIS,Jean-Marc,1955-11-29,1995,SE
01045,1330,Birieux,45.9976909227,5.02164504767,CHRISTOLHOMME,François,1940-09-27,2014,SE
01046,1290,Biziat,46.2466681,4.88543738301,GIRAUD,Christian,1963-03-21,2008,SE
01047,1150,Blyes,45.8772713832,5.32595701713,MARTIN,Daniel,1951-02-08,2014,SE
01049,1120,La Boisse,45.8725197955,5.04054729356,DROGUE,François,1949-10-30,2001,DVD
01050,1190,Boissey,46.4316836316,4.96424452785,TIRREAU,Andrée,1950-05-09,2008,SE
01051,1450,Bolozon,46.1107742949,5.45519733117,BARDET,Guy,1952-03-28,2014,SE
01052,1330,Bouligneux,45.9976909227,5.02164504767,COMTET,Laurent,1968-06-02,2014,SE
01053,1000,Bourg-en-Bresse,46.2069478835,5.22442559307,DEBAT,Jean François,1966-01-24,2008,PS
01054,1800,Bourg-Saint-Christophe,45.8984701804,5.16340257624,PERRET,Bernard,1952-06-09,1995,DVD
01056,1640,Boyeux-Saint-Jérôme,46.0337779297,5.42151732468,CHAPEL,Marie-Christine,1965-06-12,2001,DVD
01057,1190,Boz,46.4316836316,4.96424452785,JOUBERT-LAURENCIN,Monique,1958-09-30,2008,SE
01058,1300,Brégnier-Cordon,45.7328309975,5.65715901636,CHAHINE,Raynald,1973-05-26,2014,SE
01059,1260,Brénaz,45.9506630232,5.68746147482,MARTINOD,Pascale,1962-08-15,2008, 
01060,1110,Brénod,45.9724218119,5.577110369,CARRIER,Annie,1954-06-28,2008, 
01061,1300,Brens,45.7328309975,5.65715901636,PAITA,Jean-Marc,1960-04-28,2008,DVD
01062,1360,Bressolles,45.8283269463,5.15327415034,BEAUVOIS,Fabrice,1969-02-27,2014,SE
01063,1460,Brion,46.1732029522,5.56455683284,CORTINOVIS,André,1941-08-12,2001,SE
01064,1470,Briord,45.805864462,5.47727707691,LAMBERT,Jacky,1954-08-10,2001,SE
01065,1310,Buellas,46.2412963633,5.11553315012,CHANEL,Michel,1953-10-30,2008,Cap21 puis LRC - Cap21
01066,1510,La Burbanche,45.8480243468,5.61949053703,MARIE,Patrick,1958-06-29,2014,SE
01067,1430,Ceignes,46.1000038391,5.54230808548,AUBOEUF,Alain,1961-06-14,2008,SE
01068,1450,Cerdon,46.1107742949,5.45519733117,GOY-CHAVENT,Sylvie,1963-05-23,1995,UDI
01069,1240,Certines,46.0916655381,5.14797548998,THOMAS,Eric,1963-07-01,2008,Divers gauche
01071,1170,Cessy,46.3286268081,6.03059799732,BOUVIER,Christophe,1963-05-06,2008,DVD
01072,1250,Ceyzériat,46.2066710432,5.38605889851,FLOCHON,Jean-Yves,1958-08-15,2001,UMP-LR
01073,1350,Ceyzérieu,45.8543854094,5.76557245306,REUTER,Bernard,1946-07-18,2001,DVD
01074,1320,Chalamont,46.0113616676,5.19303242296,BENMEDJAHED,Ali,1960-12-13,2008,PRG
01075,1480,Chaleins,46.0178170669,4.81482624573,GROS,Gilbert,1941-06-04,2001,DVD
01076,1230,Chaley,45.9329292993,5.4692328328,PERSICO,Jean-Paul,1949-05-18,2008, 
01077,1450,Challes-la-Montagne,46.1107742949,5.45519733117,CUTURIER,Marie-Christine,1956-06-23,2014,SE
01078,1630,Challex,46.2145490709,5.95816552297,CHAPPUIS,Claude,1962-11-27,2014,SE
01079,1260,Champagne-en-Valromey,45.9506630232,5.68746147482,JUILLET,Claude,1952-10-13,Error found,Error found
01080,1110,Champdor,45.9724218119,5.577110369,MARTINAND,Stéphane,1970-02-27,2014, 
01081,1410,Champfromier,46.2796643227,5.91198359476,DE SOUZA,Michel,1958-09-14,1995,UMP-LR
01082,1420,Chanay,45.9853522838,5.7838620591,CALDAIROU,Henri,1958-06-30,2008, 
01083,1990,Chaneins,46.0766987934,4.89959868147,FLAMAND,Patrice,1970-05-19,2014,SE
01084,1400,Chanoz-Châtenay,46.1331001556,4.99858455549,MORANDAT,Olivier,1969-02-14,2014,SE
01085,1240,La Chapelle-du-Châtelard,46.0916655381,5.14797548998,RIMAUD,Cyrille,1960-05-05,2008,SE
01087,1130,Charix,46.1948352393,5.7148151411,PALISSON,Didier,1964-07-14,2014,SE
01088,1800,Charnoz-sur-Ain,45.8984701804,5.16340257624,GUYADER,Jean-Louis,1949-04-22,2001,UDI
01089,1500,Château-Gaillard,45.9756078125,5.34313562094,BRUNET,Joël,1955-05-02,2008,DVD
01090,1320,Châtenay,46.0113616676,5.19303242296,CHAFFARD,Cyrille,1972-07-02,2014, 
01091,1200,Châtillon-en-Michaille,46.1338706653,5.81259483702,PERREARD,Patrick,1963-06-29,2001,DVD
01092,1320,Châtillon-la-Palud,46.0113616676,5.19303242296,MICHON,André,1947-12-15,2009, 
01093,1400,Châtillon-sur-Chalaronne,46.1331001556,4.99858455549,CLAYETTE,Yves,1952-08-15,2008,UMP puis LR
01094,1190,Chavannes-sur-Reyssouze,46.4316836316,4.96424452785,MOREL,Paul,1948-10-16,2008,SE
01095,1250,Chavannes-sur-Suran,46.2066710432,5.38605889851,LAURENT,Jean Jacques,1953-01-21,2014,SE
01096,1660,Chaveyriat,46.2212048437,5.05767036024,JACQUET,Claude,1956-08-29,1995,DVG
01097,1510,Chavornay,45.8480243468,5.61949053703,SERPOL,Robert,1952-09-19,2008, 
01098,1300,Chazey-Bons,45.7328309975,5.65715901636,BONNARD,Didier,1959-09-03,2008,SE
01099,1150,Chazey-sur-Ain,45.8772713832,5.32595701713,DULOT,René,1948-03-02,1995,DVG
01100,1510,Cheignieu-la-Balme,45.8480243468,5.61949053703,BUET,Marc,1958-06-13,2014,SE
01101,1430,Chevillard,46.1000038391,5.54230808548,ROLANDEZ,Jean-Paul,1951-01-12,2014, 
01102,1190,Chevroux,46.4316836316,4.96424452785,SAVOT,Dominique,1962-07-03,2008,SE
01103,1170,Chevry,46.3286268081,6.03059799732,RAVOT,Jean-François,1947-09-05,1995,DVG
01104,1410,Chézery-Forens,46.2796643227,5.91198359476,VUAILLAT,Bernard,1956-08-14,2014,SE
01105,1390,Civrieux,45.9283135136,4.92727608131,BEGUET,Marie Jeanne,1949-04-17,1995,MoDem
01106,1250,Cize,46.2066710432,5.38605889851,DESBOIS,Luc,1965-01-31,2014,SE
01107,1230,Cleyzieu,45.9329292993,5.4692328328,PEYSSON,Jean,1950-02-19,2008, 
01108,1270,Coligny,46.3890219242,5.30343220636,RAFFIN,Bruno,1961-07-16,2014,DVD
01109,1550,Collonges,46.1521009626,5.90976446888,DUPARC,André,1946-10-07,2008,DVD
01110,1300,Colomieu,45.7328309975,5.65715901636,JULLIARD,Gérard,1953-06-27,2008,SE
01111,1230,Conand,45.9329292993,5.4692328328,CHABERT,Gérard,1953-03-05,2014,SE
01112,1430,Condamine,46.1000038391,5.54230808548,BRUYAS,Gérard,1951-09-11,2014, 
01113,1400,Condeissiat,46.1331001556,4.99858455549,DUPRE,Alain,1948-12-20,2008,SE
01114,1200,Confort,46.1338706653,5.81259483702,JERDELET,Michel,1953-09-16,2008, 
01115,1310,Confrançon,46.2412963633,5.11553315012,COLAS,Christiane,1953-10-19,2001,PS
01116,1300,Contrevoz,45.7328309975,5.65715901636,SAUREL,Alain,1951-07-19,1989, 
01117,1300,Conzieu,45.7328309975,5.65715901636,JANET,Guy,1943-02-10,2014,SE
01118,1420,Corbonod,45.9853522838,5.7838620591,TRAVAIL,Joseph,1945-09-24,2001, 
01119,None,Corcelles,None,None,BALLAND,Alain,1965-01-16,Error found,Error found
01121,1110,Corlier,45.9724218119,5.577110369,DUPONT,Jean-François,1962-11-29,2008, 
01122,1110,Cormaranche-en-Bugey,45.9724218119,5.577110369,EMIN,Philippe,1962-07-26,2014,LR
01123,1290,Cormoranche-sur-Saône,46.2466681,4.88543738301,CHAPPELON,Yves Augustin,1955-09-08,2008,LR
01124,1560,Cormoz,46.44295833,5.12304891736,RIONDY,Pierre,1954-06-29,2012,SE
01125,1250,Corveissiat,46.2066710432,5.38605889851,MORELET,Brigitte,1957-04-27,2014,SE
01127,1370,Courmangoux,46.2853749129,5.32614321781,MORNAY,Mireille,1959-01-09,2008,SE
01128,1560,Courtes,46.44295833,5.12304891736,PALLEGOIX,Thierry,1971-02-10,2014, 
01129,1320,Crans,46.0113616676,5.19303242296,CHENOT,Jean-Marie,1952-05-16,2014, 
01130,1340,Cras-sur-Reyssouze,46.3400485451,5.13297724307,PERRIN,Gérard,1959-02-16,2008,DVG
01133,1350,Cressin-Rochefort,45.8543854094,5.76557245306,PETIT,Thierry,1965-02-12,2014,SE
01134,1290,Crottet,46.2466681,4.88543738301,PERRUCHE,Daniel,1947-03-30,2001,DVD
01135,1170,Crozet,46.3286268081,6.03059799732,DONZE,Dominique,1953-06-26,2014,DVD
01136,1290,Cruzilles-lès-Mépillat,46.2466681,4.88543738301,LAY,Christian,1954-04-28,1995,SE
01138,1350,Culoz,45.8543854094,5.76557245306,ANDRE-MASSE,Franck,1963-09-22,2014,SE
01139,1560,Curciat-Dongalon,46.44295833,5.12304891736,CLAPPAZ,Marie-Laure,1957-05-09,2008,SE
01140,1310,Curtafond,46.2412963633,5.11553315012,GALLET,Gérard,1951-03-21,1995,UMP-LR
01141,1300,Cuzieu,45.7328309975,5.65715901636,RAMON,Michel,1945-10-13,2014,SE
01142,1120,Dagneux,45.8725197955,5.04054729356,SIMPLEX,Bernard,1953-08-07,2008,DVD
01143,1220,Divonne-les-Bains,46.3657930813,6.1147054957,BLANC,Etienne,1954-08-29,1991,"UDF puis
UMP-LR
"
01144,1380,Dommartin,46.3161847468,4.97400450524,NOVE-JOSSERAND,Michel,1956-05-26,2014,SE
01145,1240,Dompierre-sur-Veyle,46.0916655381,5.14797548998,BERARD,Jean,1950-08-19,2001,Divers Droite
01146,1400,Dompierre-sur-Chalaronne,46.1331001556,4.99858455549,MUNERET,Didier,1959-07-26,2001,SE
01147,1270,Domsure,46.3890219242,5.30343220636,PAUGET,Yvan,1978-07-27,2014,SE
01148,1590,Dortan,46.3238684456,5.65548376535,DUBARE,Marianne,1958-11-10,2008,PS
01149,1500,Douvres,45.9756078125,5.34313562094,LIMOUSIN,Christian,1953-03-25,2014,SE
01150,1250,Drom,46.2066710432,5.38605889851,GUILLEMOT,Yves,1957-09-22,2014,SE
01151,1160,Druillat,46.0747014809,5.31394582841,EMIN,Jean-Luc,1962-04-14,2014, 
01152,1130,Echallon,46.1948352393,5.7148151411,SAVOYE,Daniel,1953-06-26,2008,SE
01153,1170,Echenevex,46.3286268081,6.03059799732,REBEIX,Pierre,1947-12-14,2014,DVD
01154,1340,Etrez,46.3400485451,5.13297724307,GRIGNOLA-BERNARD,Virginie,1970-12-01,2014,SE
01155,1230,Evosges,45.9329292993,5.4692328328,GUILLET,Christophe,1949-08-16,2014, 
01156,1800,Faramans,45.8984701804,5.16340257624,BROCHIER,Gérard,1956-10-26,2014,SE
01157,1480,Fareins,46.0178170669,4.81482624573,DUMOULIN,Yves,1955-12-15,2008,DVD
01158,1550,Farges,46.1521009626,5.90976446888,GRAZIOTTI,Monique,1961-08-22,2014,SE
01159,1570,Feillens,46.3545794503,4.88868114295,BILLOUDET,Guy,1959-03-07,1995,UMP-LR
01160,1210,Ferney-Voltaire,46.2774426572,6.10074151675,RAPHOZ,Daniel,1955-12-06,2014,UDI
01162,1350,Flaxieu,45.8543854094,5.76557245306,BAL,Serge,1956-03-09,2008,SE
01163,1340,Foissiat,46.3400485451,5.13297724307,FROMONT,Jean-Pierre,1946-03-23,2001,DVG
01165,1090,Francheleins,46.0869886552,4.79611073763,LECLERC,Irène,1961-05-30,2007,DVD
01166,1480,Frans,46.0178170669,4.81482624573,THEVENET,Martial,1956-07-11,2008,DVD
01167,1140,Garnerans,46.1670266686,4.8459954399,VIOT,Dominique,1961-02-03,2014,SE
01169,1090,Genouilleux,46.0869886552,4.79611073763,DESPLACE,Robert,1947-02-11,2010,SE
01170,1460,Beard-Géovreissiat,46.1732029522,5.56455683284,COMTET,Laurent,1967-12-02,2014,SE
01171,1100,Géovreisset,46.2468792013,5.65226081977,MOREL,Jeannine,1948-06-25,2008,SE
01172,1250,Germagnat,46.2066710432,5.38605889851,BINARD,Alain,1948-12-09,2014,SE
01173,1170,Gex,46.3286268081,6.03059799732,DUNAND,Patrice,1968-10-15,2014,DVD
01174,1130,Giron,46.1948352393,5.7148151411,TARPIN-LYONNET,Eric,1963-02-01,2014,SE
01175,1190,Gorrevod,46.4316836316,4.96424452785,GUILLERMIN,Henri,1940-12-24,1995,UMP-LR
01176,None,Le Grand-Abergement,None,None,ROCHE,Jean,1947-04-17,2014, 
01177,1250,Grand-Corent,46.2066710432,5.38605889851,CHARLES,Bernard,1951-06-22,2012,SE
01179,1290,Grièges,46.2466681,4.88543738301,RENOUD,Joëlle,1957-10-05,2014,SE
01180,1220,Grilly,46.3657930813,6.1147054957,HEBERT,Judith,1970-03-10,2014,SE
01181,1100,Groissiat,46.2468792013,5.65226081977,MARRON,Jean-Luc,1951-09-21,2014,DVD
01182,None,Groslée,None,None,AURELE,Marthe,1943-02-16,Error found,Error found
01183,1090,Guéreins,46.0869886552,4.79611073763,MORILLON,Guy,1951-02-01,2001,DVD puis UDI
01184,1250,Hautecourt-Romanèche,46.2066710432,5.38605889851,AZNAR,Vincent,1974-07-22,2014,SE
01185,1110,Hauteville-Lompnes,45.9724218119,5.577110369,ARGENTI,Bernard,1951-06-13,2001,UMP
01186,1110,Hostiaz,45.9724218119,5.577110369,BOUCLIER,Henriette,1941-04-17,2009, 
01187,1260,Hotonnes,45.9506630232,5.68746147482,GENESSAY,Jean-Louis,1948-01-31,2014, 
01188,1140,Illiat,46.1670266686,4.8459954399,LITAUDON,Bernard,1948-06-15,2008,SE
01189,1200,Injoux-Génissiat,46.1338706653,5.81259483702,COCHET,Albert,1961-04-25,2010,DVG
01190,1680,Innimond,45.752622921,5.55446422211,NODET,Eric,1963-11-06,2008,SE
01191,1430,Izenave,46.1000038391,5.54230808548,DRUET,Thiery,1964-07-22,2014, 
01192,1580,Izernore,46.2402104429,5.54908625912,COLLETAZ,Michel,1947-10-03,2008,sans étiquette mais répertorié DVD[13] par le ministère de l'intérieur
01193,1300,Izieu,45.7328309975,5.65715901636,MARTIN-BARBAZ,Denis,1965-03-30,2014,DVD
01194,1480,Jassans-Riottier,46.0178170669,4.81482624573,REVERCHON,Jean-Pierre,1949-05-13,2014,SE
01195,1250,Jasseron,46.2066710432,5.38605889851,MATHIEU,Alain,1959-06-25,2014,DVG
01196,1340,Jayat,46.3400485451,5.13297724307,LONGERON,Robert,1950-03-13,2014,DVD
01197,1250,Journans,46.2066710432,5.38605889851,SEYZERIAT,Gérard,1954-03-13,2010, 
01198,1800,Joyeux,45.8984701804,5.16340257624,BROCARD,Marius,1942-12-08,2001,SE
01199,1640,Jujurieux,46.0337779297,5.42151732468,BOLLACHE,Anne,1966-10-17,2014,DVG
01200,1450,Labalme,46.1107742949,5.45519733117,MOLLIE,Frédérique,1968-11-23,2014,SE
01202,1150,Lagnieu,45.8772713832,5.32595701713,MOINGEON,André,1948-10-26,2004,UMP-LR
01203,1290,Laiz,46.2466681,4.88543738301,ZANCANARO,Yves,1953-07-05,2001,SE
01204,1130,Lalleyriat,46.1948352393,5.7148151411,GOIFFON,Denis,1956-09-02,1995, 
01205,1200,Lancrans,46.1338706653,5.81259483702,MAYET,Christophe,1971-06-10,2014,DVD
01206,1430,Lantenay,46.1000038391,5.54230808548,LEROY,Hervé,1955-03-11,2011, 
01207,1330,Lapeyrouse,45.9976909227,5.02164504767,DUBOST,Gilles,1959-04-11,2008,SE
01208,1350,Lavours,45.8543854094,5.76557245306,WAELPUT,Daniel,1952-11-12,2014,SE
01209,1200,Léaz,46.1338706653,5.81259483702,GILLARD,Alain,1952-07-06,2014,SE
01210,1410,Lélex,46.2796643227,5.91198359476,MOREL,Pierre,1945-10-21,2014,SE
01211,1240,Lent,46.0916655381,5.14797548998,PANABIERES,Marie-Claire,1961-09-17,2014,Sans étiquette
01212,1560,Lescheroux,46.44295833,5.12304891736,NICOLIER,Aimé,1972-05-17,2014,SE
01213,1150,Leyment,45.8772713832,5.32595701713,BOTTEX,Marilyn,1976-07-15,2008,DVD
01214,1450,Leyssard,46.1107742949,5.45519733117,MOURLEVAT,Michel,1958-01-18,2008,DVG
01215,1420,Lhôpital,45.9853522838,5.7838620591,MALFAIT,Frédéric,1974-11-28,2014,SE
01216,1680,Lhuis,45.752622921,5.55446422211,ALBERT,Simon,1947-03-18,2008,SE
01218,1260,Lochieu,45.9506630232,5.68746147482,BERTHIER,Gérard,1949-02-24,2008, 
01219,1680,Lompnas,45.752622921,5.55446422211,DURAND,François-Xavier,1962-06-15,2001, 
01221,1260,Lompnieu,45.9506630232,5.68746147482,CHARVET,Marc,1947-09-10,2010, 
01224,1360,Loyettes,45.8283269463,5.15327415034,GAGNE,Jean-Pierre,1957-09-23,2008,DVD
01225,1090,Lurcy,46.0869886552,4.79611073763,BISIGNANO,Nathalie,1964-10-15,2008,SE
01227,1300,Magnieu,45.7328309975,5.65715901636,TURELLO,René,1944-10-31,1995, 
01228,1430,Maillat,46.1000038391,5.54230808548,DUCRET,Jean Cyrille,1958-06-07,1995,SE
01229,1340,Malafretaz,46.3400485451,5.13297724307,VIVIET,Alain,1950-05-19,2008,DVD
01230,1560,Mantenay-Montlin,46.44295833,5.12304891736,LEMAIRE,Michel,1950-07-26,2014,SE
01231,1570,Manziat,46.3545794503,4.88868114295,LARDET,Denis,1967-09-05,2014,LR
01232,1851,Marboz,46.3443305857,5.24375404397,GESTAS,Alain,1954-11-06,2008,DVG
01233,1680,Marchamp,45.752622921,5.55446422211,MARCELLI,Jean,1943-07-01,1995,SE
01234,1300,Marignieu,45.7328309975,5.65715901636,PUTHOD,Bernard,1958-02-12,2001, 
01235,1240,Marlieux,46.0916655381,5.14797548998,GRANDJEAN,Jean-Paul,1943-07-03,2014,SE
01236,1340,Marsonnas,46.3400485451,5.13297724307,ANTOINET,Guy,1953-08-23,2014,DVD
01237,1100,Martignat,46.2468792013,5.65226081977,LOCATELLI,Yves,1948-12-05,2014,SE
01238,1600,Massieux,45.9478092043,4.80583207499,GRISON,Bernard,1950-05-21,2008,DVD
01239,1300,Massignieu-de-Rives,45.7328309975,5.65715901636,QUINARD,Julien,1980-10-24,Error found,Error found
01240,1580,Matafelon-Granges,46.2402104429,5.54908625912,DUPARCHY,Jean-Pierre,1954-04-21,2008,SE
01241,1370,Meillonnas,46.2853749129,5.32614321781,NEVEU,Jean-Paul,1947-07-01,2010,DvD
01242,1450,Mérignat,46.1107742949,5.45519733117,LE CORRE,Marie-Odile,1954-02-10,2014,SE
01243,1480,Messimy-sur-Saône,46.0178170669,4.81482624573,BADOIL,Yvette,1950-10-29,2014,SE
01244,1800,Meximieux,45.8984701804,5.16340257624,BUSSY,Christian,1949-07-20,1995,LR
01245,1250,Bohas-Meyriat-Rignat,46.2066710432,5.38605889851,LUEZ,Jean-Luc,1951-12-12,1995,DVG
01246,1660,Mézériat,46.2212048437,5.05767036024,ROBIN,Etienne,1953-05-03,2008,LR
01247,1410,Mijoux,46.2796643227,5.91198359476,LAPEYRERE,Jean-Yves,1962-08-07,2008,SE
01248,1390,Mionnay,45.9283135136,4.92727608131,CORMORECHE,Henri,1954-12-09,2008,DVD
01249,1700,Miribel,45.8388521429,4.95806179291,VIRICEL,Sylvie,1960-08-13,2014,DVG
01250,1600,Misérieux,45.9478092043,4.80583207499,SERRAT,Etienne,1946-04-05,2008,DVD
01252,1140,Mogneneins,46.1670266686,4.8459954399,CHAMPION,Jean-Pierre,1948-09-15,2008,SE
01254,1250,Montagnat,46.2066710432,5.38605889851,CHICHOUX,Yvan,1954-10-08,2001, 
01255,1470,Montagnieu,45.805864462,5.47727707691,ARRIGONI,Amandine,1981-10-17,2009,SE
01257,1200,Montanges,46.1338706653,5.81259483702,PATUEL,Daniel,1942-02-23,2008,SE
01258,1090,Montceaux,46.0869886552,4.79611073763,DESCHIZEAUX,Jean-Claude,1948-03-16,1989,DvD
01259,1310,Montcet,46.2412963633,5.11553315012,BOUILLOUX,Yves,1956-05-11,1995,SE
01260,1800,Le Montellier,45.8984701804,5.16340257624,MARTIN,Patrice,1971-05-13,2014,SE
01261,1390,Monthieux,45.9283135136,4.92727608131,BACONNIER,Gisèle,1952-02-12,1995,DVD
01262,1120,Montluel,45.8725197955,5.04054729356,DAUBIE,Romain,1980-05-05,2014,UMP-LR
01263,1090,Montmerle-sur-Saône,46.0869886552,4.79611073763,LAMURE,Raphaël,1971-02-23,2014,DVD
01264,1310,Montracol,46.2412963633,5.11553315012,DRUGUET,Thierry,1959-08-02,2014,SE
01265,1460,Montréal-la-Cluse,46.1732029522,5.56455683284,DEGUERRY,Jean,1963-11-22,2014,DVD-LR[5]
01266,1340,Montrevel-en-Bresse,46.3400485451,5.13297724307,ROCHE,Jean-Pierre,1953-03-08,1995,DVG
01267,1460,Nurieux-Volognat,46.1732029522,5.56455683284,BERGER,Arlette,1948-08-18,2014,DVG
01268,1300,Murs-et-Gélignieux,45.7328309975,5.65715901636,CONAND,Jean-Paul,1964-06-26,Error found,Error found
01269,1130,Nantua,46.1948352393,5.7148151411,CARMINATI,Jean-Pierre,1957-01-24,2008,DVD
01271,None,Nattages,None,None,COMET,Claude,1954-11-16,Error found,Error found
01272,1400,Neuville-les-Dames,46.1331001556,4.99858455549,CHEVREL,Florent,1971-02-25,2014,SE
01273,1160,Neuville-sur-Ain,46.0747014809,5.31394582841,DUPUIS,Thierry,1959-01-19,2001,DVG
01274,1130,Les Neyrolles,46.1948352393,5.7148151411,JUILLARD,Lucien,1949-07-24,2008,SE
01275,1700,Neyron,45.8388521429,4.95806179291,GADIOLET,André,1943-07-12,2003,SE
01276,1120,Niévroz,45.8725197955,5.04054729356,BATTISTA,Patrick,1959-12-28,2001,"UMP-LR[21],[Note 1]"
01277,1230,Nivollet-Montgriffon,45.9329292993,5.4692328328,LHERBE,Jean-Claude,1953-11-30,1983, 
01279,1230,Oncieu,45.9329292993,5.4692328328,PERNOD,Ghislaine,1956-05-08,2014, 
01280,1510,Ordonnaz,45.8480243468,5.61949053703,REYMOND-BABOLAT,Evelyne,1947-06-08,1990,SE
01281,1210,Ornex,46.2774426572,6.10074151675,OBEZ,Jean-François,1946-03-07,2014,DVD
01282,1430,Outriaz,46.1000038391,5.54230808548,MOREL,Claude,1947-07-18,1995, 
01283,1100,Oyonnax,46.2468792013,5.65226081977,PERRAUD,Michel,1953-04-15,2008,UDI
01284,1190,Ozan,46.4316836316,4.96424452785,FEYEUX,René,1945-05-18,2008,SE
01285,1600,Parcieux,45.9478092043,4.80583207499,LAUTIER,Vincent,1964-04-17,2014,SE
01286,1300,Parves,45.7328309975,5.65715901636,BIJOT,Jean-François,1955-04-22,Error found,Error found
01288,1630,Péron,46.2145490709,5.95816552297,ARMAND,Christian,1956-06-25,1995,DVG
01289,1960,Péronnas,46.1542253866,5.17526170568,CHANEL,Christian,1949-11-18,2001,DVD
01290,1800,Pérouges,45.8984701804,5.16340257624,VERNAY,Paul,1955-10-06,2008,EÉLV
01291,1540,Perrex,46.2212986861,4.98198011208,DAUJAT,Bernard,1952-05-17,2008,SE
01292,None,Le Petit-Abergement,None,None,GIRAUD GUIGUES,Bernard,1966-03-05,Error found,Error found
01293,1430,Peyriat,46.1000038391,5.54230808548,BENOIT,Pierre-Marie,1962-11-20,1989,DVD
01294,1300,Peyrieu,45.7328309975,5.65715901636,GIREL,Jean,1953-10-06,Error found,Error found
01295,1140,Peyzieux-sur-Saône,46.1670266686,4.8459954399,THIVOLLE,Monique,1955-09-15,2014,SE
01296,1270,Pirajoux,46.3890219242,5.30343220636,PIROUX,Noël,1954-02-14,1995,SE
01297,1120,Pizay,45.8725197955,5.04054729356,GRIMAND,Marc,1955-04-30,2014,SE
01298,1130,Plagne,46.1948352393,5.7148151411,MICHEL,Gustave,1945-05-14,2001,SE
01299,1330,Le Plantay,45.9976909227,5.02164504767,OTHEGUY,Danielle,1945-08-22,2014, 
01300,None,Le Poizat,None,None,HUYVAERT,Yvon,1945-09-26,2014,SE
01301,1310,Polliat,46.2412963633,5.11553315012,BERNARD,Christian,1962-06-20,2008,DVD
01302,1350,Pollieu,45.8543854094,5.76557245306,JACQUIER,Laurent,1975-09-15,Error found,Error found
01303,1450,Poncin,46.1107742949,5.45519733117,GIROUX,Jean-Michel,1948-04-06,2008,DVD
01304,1160,Pont-d'Ain,46.0747014809,5.31394582841,GUICHARD,Gérard,1950-03-11,2014,SE
01305,1190,Pont-de-Vaux,46.4316836316,4.96424452785,COILLARD,Philippe,1951-02-03,2014,UMP-LR
01306,1290,Pont-de-Veyle,46.2466681,4.88543738301,MOUTOT,Jean Paul,1942-05-29,1995,DVD
01307,1460,Port,46.1732029522,5.56455683284,DUTRAIT,Gérard,1944-10-16,2014, 
01308,1550,Pougny,46.1521009626,5.90976446888,DURIEZ,Jean-Louis,1953-01-09,2013,SE
01309,1250,Pouillat,46.2066710432,5.38605889851,CHAPUIS,Guy,1955-02-18,2008,SE
01310,1300,Prémeyzel,45.7328309975,5.65715901636,ROPELE,Jean-Pierre,1950-12-16,Error found,Error found
01311,1110,Prémillieu,45.9724218119,5.577110369,DELEAZ,Marie-Claude,1948-02-24,2008, 
01312,None,Pressiat,None,None,REVEL,Jean-Louis,1954-07-24,Error found,Error found
01313,1280,Prévessin-Moëns,46.2579919706,6.07173985899,CHARILLON,Aurélie,1976-11-29,2014,LR
01314,1160,Priay,46.0747014809,5.31394582841,THEVEAUX,Gérard,1948-05-28,2014,SE
01316,1510,Pugieu,45.8480243468,5.61949053703,PHILIPPE,Alain,1948-12-11,Error found,Error found
01317,1250,Ramasse,46.2066710432,5.38605889851,PORRIN,Michel,1949-10-06,2014,SE
01318,1390,Rancé,45.9283135136,4.92727608131,COULON,Brigitte,1960-09-24,2001,UMP-LR
01319,1990,Relevant,46.0766987934,4.89959868147,CURNILLON,Christiane,1950-06-05,2014,SE
01320,1750,Replonges,46.2973437135,4.87546330177,VERNOUX,Bertrand,1966-12-19,2014,UMP
01321,1250,Revonnas,46.2066710432,5.38605889851,ZITTEL,Caroline,1966-04-29,2008, 
01322,1600,Reyrieux,45.9478092043,4.80583207499,DUTRUC,Jacky,1959-04-19,2014,DVG
01323,1190,Reyssouze,46.4316836316,4.96424452785,SYLVESTRE-BARON,Alain,1950-09-26,2014, 
01325,1800,Rignieux-le-Franc,45.8984701804,5.16340257624,CASTELLANI,Jean-Marie,1955-01-30,2004,SE
01328,1400,Romans,46.1331001556,4.99858455549,GAUTHIER,Jean Michel,1953-04-16,2014,SE
01329,1510,Rossillon,45.8480243468,5.61949053703,BOUVIER,Georges,1954-04-22,2001, 
01330,1260,Ruffieu,45.9506630232,5.68746147482,PILLARD,Eric,1962-06-07,2014,DIV
01331,1450,Saint-Alban,46.1107742949,5.45519733117,DE VECCHI,Béatrice,1968-04-03,2008,DVG
01332,1380,Saint-André-de-Bâgé,46.3161847468,4.97400450524,CLERE,Daniel,1948-04-10,2008,DVG
01333,1390,Saint-André-de-Corcy,45.9283135136,4.92727608131,BARON,Jean-Pierre,1947-05-12,2008,DVD-LR
01334,1290,Saint-André-d'Huiriat,46.2466681,4.88543738301,DUBOST,Michel,1952-11-16,1995,SE
01335,1240,Saint-André-le-Bouchoux,46.0916655381,5.14797548998,JAYR,Alain,1948-04-02,1995,SE
01336,1960,Saint-André-sur-Vieux-Jonc,46.1542253866,5.17526170568,QUIVET,Bernard,1952-01-17,2001,divers gauche
01337,1190,Saint-Bénigne,46.4316836316,4.96424452785,WILLIG,Jean-Jacques,1953-03-04,2014,DVG
01338,1300,Saint-Benoît,45.7328309975,5.65715901636,PLANTIN,Guy,1949-04-07,1995,SE
01339,1600,Saint-Bernard,45.9478092043,4.80583207499,REY,Bernard,1958-08-22,2014,DVD-NC
01340,None,Saint-Bois,None,None,VUILLEROD,René,1958-10-24,1995,DVG
01341,1300,Saint-Champ,45.7328309975,5.65715901636,GAMBERINI,Paul,1942-01-02,Error found,Error found
01342,1120,Sainte-Croix,45.8725197955,5.04054729356,LEVRAT,Michel,1962-09-23,2014,SE
01343,1380,Saint-Cyr-sur-Menthon,46.3161847468,4.97400450524,CHALTON,Alain,1949-09-06,2014,DVD
01344,1000,Saint-Denis-lès-Bourg,46.2069478835,5.22442559307,FAUVET,Guillaume,1972-03-14,2014,DVG
01345,1500,Saint-Denis-en-Bugey,45.9756078125,5.34313562094,COLLIGNON,Pascal,1957-07-22,2014,DVD
01346,1340,Saint-Didier-d'Aussiat,46.3400485451,5.13297724307,PICARD,Catherine,1952-09-21,2014,SE
01347,1600,Saint-Didier-de-Formans,45.9478092043,4.80583207499,VALLOS,Frédéric,1963-02-27,2014,SE
01348,1140,Saint-Didier-sur-Chalaronne,46.1670266686,4.8459954399,LUGA GIRAUD,Muriel,1960-09-17,2007,UDI
01349,1800,Saint-Eloi,45.8984701804,5.16340257624,SELIGNAN,Jacqueline,1951-04-10,1995,SE
01350,1370,Saint-Etienne-du-Bois,46.2853749129,5.32614321781,CHAPUIS,Alain,1970-11-25,2014,DVD
01351,1140,Saint-Etienne-sur-Chalaronne,46.1670266686,4.8459954399,VARVIER,Serge,1952-02-17,2008,DVD
01352,1190,Saint-Etienne-sur-Reyssouze,46.4316836316,4.96424452785,MARGUIN,Jean-Pierre,1955-11-20,2014,SE
01353,1600,Sainte-Euphémie,45.9478092043,4.80583207499,SANLAVILLE,Anny,1963-04-30,2008,DVD
01354,1630,Saint-Genis-Pouilly,46.2145490709,5.95816552297,BERTRAND,Hubert,1946-12-05,1989,DVG
01355,1380,Saint-Genis-sur-Menthon,46.3161847468,4.97400450524,GREFFET,Christophe,1967-07-07,1995,PS
01356,1400,Saint-Georges-sur-Renon,46.1331001556,4.99858455549,PAPILLON,Jacques,1946-03-29,2014,SE
01357,1130,Saint-Germain-de-Joux,46.1948352393,5.7148151411,THOMASSET,Gilles,1957-06-14,2008,SE
01358,1300,Saint-Germain-les-Paroisses,45.7328309975,5.65715901636,CASTIN,Régis,1972-11-25,Error found,Error found
01359,1240,Saint-Germain-sur-Renon,46.0916655381,5.14797548998,MONIER,Christophe,1964-06-08,2008,SE
01360,1630,Saint-Jean-de-Gonville,46.2145490709,5.95816552297,BRULHART,Michel,1955-11-10,2001,LR
01361,1800,Saint-Jean-de-Niost,45.8984701804,5.16340257624,HERMAN,Jean-Pierre,1946-12-30,1995,LR[19]
01362,1390,Saint-Jean-de-Thurigneux,45.9283135136,4.92727608131,BAISE,Christian,1951-10-26,1995,SE
01363,1640,Saint-Jean-le-Vieux,46.0337779297,5.42151732468,BATAILLY,Christian,1955-09-06,2014,UDI (PR)
01364,1560,Saint-Jean-sur-Reyssouze,46.44295833,5.12304891736,SALLET,Jacques,1958-07-16,2014,DVG
01365,1290,Saint-Jean-sur-Veyle,46.2466681,4.88543738301,RENOUD-LYAT DUPERRAY,Agnès,1965-05-24,Error found,Error found
01366,1150,Sainte-Julie,45.8772713832,5.32595701713,ROBIN,Jean-Luc,1956-12-01,2008,SE
01367,1560,Saint-Julien-sur-Reyssouze,46.44295833,5.12304891736,RIGOLLET,Christophe,1968-07-18,2014,SE
01368,1540,Saint-Julien-sur-Veyle,46.2212986861,4.98198011208,REVOL,Serge,1954-05-26,2008,SE
01369,1250,Saint-Just,46.2066710432,5.38605889851,PICHET,Jean,1944-07-08,2008,DVD
01370,1750,Saint-Laurent-sur-Saône,46.2973437135,4.87546330177,PAGNEUX,Jean-Pierre,1946-09-05,1995,DVD
01371,1390,Saint-Marcel,45.9283135136,4.92727608131,PETRONE,Dominique,1954-04-25,2007,SE
01372,1510,Saint-Martin-de-Bavel,45.8480243468,5.61949053703,VINCENT,Xavier,1968-07-08,2008, 
01373,1430,Saint-Martin-du-Frêne,46.1000038391,5.54230808548,TURC,Dominique,1958-07-13,2008,DVD
01374,1160,Saint-Martin-du-Mont,46.0747014809,5.31394582841,PAUCOD,Laurent,1949-12-11,2001, 
01375,1310,Saint-Martin-le-Châtel,46.2412963633,5.11553315012,JACQUET,Jean-Luc,1960-10-08,2014,SE
01376,1700,Saint-Maurice-de-Beynost,45.8388521429,4.95806179291,GOUBET,Pierre,1956-12-26,2001,DVG
01378,1800,Saint-Maurice-de-Gourdans,45.8984701804,5.16340257624,VENET,Fabrice,1951-03-05,2001,DVG
01379,1500,Saint-Maurice-de-Rémens,45.9756078125,5.34313562094,GAILLARD,Eric,1974-03-26,2014,SE
01380,1560,Saint-Nizier-le-Bouchoux,46.44295833,5.12304891736,GUYON,Valérie,1960-04-17,2001,LR
01381,1320,Saint-Nizier-le-Désert,46.0113616676,5.19303242296,BERNILLON,Françoise,1940-12-19,2008, 
01382,1330,Sainte-Olive,45.9976909227,5.02164504767,PAUCHARD,Thierry,1962-02-21,2014, 
01383,1240,Saint-Paul-de-Varax,46.0916655381,5.14797548998,BERNIGAUD,Roland,1951-04-17,2014,UDI
01384,1230,Saint-Rambert-en-Bugey,45.9329292993,5.4692328328,BOUCHON,Gilbert,1951-02-25,2001,DVG
01385,1310,Saint-Rémy,46.2412963633,5.11553315012,DUSONCHET,Martine,1952-02-11,2014,SE
01386,1150,Saint-Sorlin-en-Bugey,45.8772713832,5.32595701713,MILLET,Patrick,1959-07-31,2008,DVD
01387,1340,Saint-Sulpice,46.3400485451,5.13297724307,FOURNIER,Clotilde,1966-09-01,2013,SE
01388,1560,Saint-Trivier-de-Courtes,46.44295833,5.12304891736,BRUNET,Michel,1946-07-26,2010,LR
01389,1990,Saint-Trivier-sur-Moignans,46.0766987934,4.89959868147,LANIER,Marcel,1952-04-11,2014,SE
01390,1150,Saint-Vulbas,45.8772713832,5.32595701713,JACQUIN,Marcel,1949-03-16,1995,SE
01391,1270,Salavre,46.3890219242,5.30343220636,POUPON,Gérard,1947-05-16,2008,SE
01392,1580,Samognat,46.2402104429,5.54908625912,ESCODA,Annie,1956-11-11,2001,SE
01393,1400,Sandrans,46.1331001556,4.99858455549,OLLAGNIER,Bernard,1947-09-29,2010,SE
01396,1150,Sault-Brénaz,45.8772713832,5.32595701713,MONTEGRE,Martial,1958-12-27,2001,DVD
01397,1220,Sauverny,46.3657930813,6.1147054957,HENNIQUAU,Isabelle,1971-04-13,2014,SE
01398,1480,Savigneux,46.0178170669,4.81482624573,VIGNARD,Daniel,1949-06-25,2008,DVD
01399,1170,Ségny,46.3286268081,6.03059799732,FOUILLOUX,Jean-Pierre,1949-08-13,2014,DVD
01400,1470,Seillonnaz,45.805864462,5.47727707691,BOREL,Frédérique,1958-08-30,2008,SE
01401,1630,Sergy,46.2145490709,5.95816552297,LINGLIN,Denis,1943-11-14,1989, 
01402,1190,Sermoyer,46.4316836316,4.96424452785,BOURCET,Michèle,1950-04-05,2014,SE
01403,1470,Serrières-de-Briord,45.805864462,5.47727707691,BEGUET,Daniel,1954-12-12,2001,DVG
01404,1450,Serrières-sur-Ain,46.1107742949,5.45519733117,BARDET,Christian,1954-07-20,2008,SE
01405,1960,Servas,46.1542253866,5.17526170568,GAVILLON,Gérard,1948-02-18,2008,Divers Droite
01406,1560,Servignat,46.44295833,5.12304891736,VIALLON,Laurent,1969-02-18,2014,SE
01407,1420,Seyssel,45.9853522838,5.7838620591,GRANCHAMP,Jean-Paul,1950-08-12,1995, 
01408,1250,Simandre-sur-Suran,46.2066710432,5.38605889851,PERDRIX,Jean Michel,1965-04-30,2008,SE
01409,None,Songieu,None,None,ANCIAN,Bernard,1958-04-16,Error found,Error found
01410,1580,Sonthonnax-la-Montagne,46.2402104429,5.54908625912,GARBE,Dominique,1965-12-02,2014,SE
01411,1150,Souclin,45.8772713832,5.32595701713,BERTHOLET,Albert,1944-10-01,1995,SE
01412,1400,Sulignat,46.1331001556,4.99858455549,JARNET,Bernard,1953-06-05,2008,SE
01413,1420,Surjoux,45.9853522838,5.7838620591,ROLLET,Jean-Michel,1960-10-21,2014,SE
01414,1260,Sutrieu,45.9506630232,5.68746147482,PERRON,Gérard,1943-10-07,2008, 
01415,1510,Talissieu,45.8480243468,5.61949053703,FERNANDEZ GONZALEZ,José,1951-12-30,2014, 
01416,1230,Tenay,45.9329292993,5.4692328328,PERROT,Marc,1950-06-14,1989,DVG
01417,1110,Thézillieu,45.9724218119,5.577110369,STEYAERT,Frank,1961-11-18,2008,UMP
01418,1120,Thil,45.8725197955,5.04054729356,LOUSTALET,Bruno,1953-08-30,2008,SE
01419,1710,Thoiry,46.243919719,5.96461682999,BENIER,Muriel,1971-03-14,2014,DVD
01420,1140,Thoissey,46.1670266686,4.8459954399,VOISIN,Maurice,1948-06-18,2008,DVD
01421,1230,Torcieu,45.9329292993,5.4692328328,GIRAUDET,Françoise,1951-01-24,2006, 
01422,1250,Tossiat,46.2066710432,5.38605889851,FENET,Roger,1944-06-17,2014,Divers Gauche
01423,1600,Toussieux,45.9478092043,4.80583207499,AUBERT,Jean-Claude,1947-10-25,2008,SE
01424,1390,Tramoyes,45.9283135136,4.92727608131,MERCANTI,Henri,1942-08-29,2001,LR
01425,1160,La Tranclière,46.0747014809,5.31394582841,ROUSSET,Daniel,1952-06-18,2001,LR
01426,1370,Treffort-Cuisiat,46.2853749129,5.32614321781,WIEL,Monique,1960-05-22,2014,DVG
01427,1600,Trévoux,45.9478092043,4.80583207499,PECHOUX,Marc,1957-07-31,2014,DVD-LR
01428,1140,Valeins,46.1670266686,4.8459954399,BARDON,Frédéric,1975-02-20,2014,SE
01429,1660,Vandeins,46.2212048437,5.05767036024,MARVIE,Jean-Paul,1947-01-02,2014,SE
01430,1160,Varambon,46.0747014809,5.31394582841,DULAURIER,Pierre,1948-10-07,2014,DVG
01431,1150,Vaux-en-Bugey,45.8772713832,5.32595701713,VEYSSET,Françoise,1960-01-30,2014, 
01432,1270,Verjon,46.3890219242,5.30343220636,JAMME,Philippe,1964-04-19,2014,SE
01433,1560,Vernoux,46.44295833,5.12304891736,RAVASSARD,Philippe,1962-12-07,2014,SE
01434,1330,Versailleux,45.9976909227,5.02164504767,BRANCHY,Gérard,1950-04-29,2003,Divers Gauche
01435,1210,Versonnex,46.2774426572,6.10074151675,DUBOUT,Jacques,1960-12-05,2014,DVD
01436,1170,Vesancy,46.3286268081,6.03059799732,HOTELLIER,Pierre,1943-02-13,2014,SE
01437,1560,Vescours,46.44295833,5.12304891736,THENOZ,Chantal,1955-07-09,2014,SE
01439,1570,Vésines,46.3545794503,4.88868114295,JULLIN,Pascal,1962-03-10,Error found,Error found
01441,1430,Vieu-d'Izenave,46.1000038391,5.54230808548,DELAGNEAU,Dominique,1952-07-09,2008, 
01442,1260,Vieu,45.9506630232,5.68746147482,BOLON,André,1946-12-12,1995,DVD
01443,1330,Villars-les-Dombes,45.9976909227,5.02164504767,LARRIEU,Pierre,1960-12-10,2014,DVD
01444,1150,Villebois,45.8772713832,5.32595701713,LONGATTE,Marc,1952-04-10,2008,DVD
01445,1270,Villemotier,46.3890219242,5.30343220636,GUILLET,Pierre,1956-01-22,2014,SE
01446,1480,Villeneuve,46.0178170669,4.81482624573,MOUSSY,Raymond,1942-07-09,1995,LR
01447,1250,Villereversure,46.2066710432,5.38605889851,BALLAND,Gérard,1946-05-05,2008,UMP-LR
01448,1200,Villes,46.1338706653,5.81259483702,SUSINI,Guy,1951-11-23,2014,SE
01449,1320,Villette-sur-Ain,46.0113616676,5.19303242296,HUMBERT,Jean-Pierre,1950-12-14,1995,Divers Gauche
01450,1800,Villieu-Loyes-Mollon,45.8984701804,5.16340257624,BEAUFORT,Eric,1964-08-03,2008,DVD
01451,1440,Viriat,46.2508236356,5.22311457024,PERRET,Bernard,1962-04-22,2001,DVD
01452,1510,Virieu-le-Grand,45.8480243468,5.61949053703,GERIN,Georges,1947-09-11,2014,Divers Droite
01453,1260,Virieu-le-Petit,45.9506630232,5.68746147482,BERTOLINO,Alain,1950-07-17,2008, 
01454,1300,Virignin,45.7328309975,5.65715901636,BLANC,Jean Paul,1951-07-27,2014, 
01456,1350,Vongnes,45.8543854094,5.76557245306,GUILLON,Pascale,1961-11-10,1995,Divers gauche
01457,1540,Vonnas,46.2212986861,4.98198011208,CHAIZE,Patrick,1963-03-22,2008,UMP-LR
02001,2300,Abbécourt,49.5817295222,3.19169688143,PARIS,René,1946-08-07,2001,DVD
